-- MySQL Script generated by MySQL Workbench
-- lun. 23 juil. 2018 00:31:55 CEST
-- Model: New Model    Version: 1.0
-- MySQL Workbench Forward Engineering

SET @OLD_UNIQUE_CHECKS=@@UNIQUE_CHECKS, UNIQUE_CHECKS=0;
SET @OLD_FOREIGN_KEY_CHECKS=@@FOREIGN_KEY_CHECKS, FOREIGN_KEY_CHECKS=0;
SET @OLD_SQL_MODE=@@SQL_MODE, SQL_MODE='TRADITIONAL,ALLOW_INVALID_DATES';

-- -----------------------------------------------------
-- Schema patishopper
-- -----------------------------------------------------
DROP SCHEMA IF EXISTS `patishopper` ;

-- -----------------------------------------------------
-- Schema patishopper
-- -----------------------------------------------------
CREATE SCHEMA IF NOT EXISTS `patishopper` DEFAULT CHARACTER SET utf8 ;
USE `patishopper` ;

-- -----------------------------------------------------
-- Table `patishopper`.`user_type`
-- -----------------------------------------------------
DROP TABLE IF EXISTS `patishopper`.`user_type` ;

CREATE TABLE IF NOT EXISTS `patishopper`.`user_type` (
  `id` INT NOT NULL AUTO_INCREMENT,
  `role` VARCHAR(255) NULL,
  `created_at` TIMESTAMP NULL DEFAULT CURRENT_TIMESTAMP,
  `updated_at` TIMESTAMP NULL DEFAULT CURRENT_TIMESTAMP ON UPDATE CURRENT_TIMESTAMP,
  PRIMARY KEY (`id`))
ENGINE = InnoDB;


-- -----------------------------------------------------
-- Table `patishopper`.`attachment`
-- -----------------------------------------------------
DROP TABLE IF EXISTS `patishopper`.`attachment` ;

CREATE TABLE IF NOT EXISTS `patishopper`.`attachment` (
  `id` INT NOT NULL AUTO_INCREMENT,
  `name` VARCHAR(45) NOT NULL,
  `description` TEXT NULL,
  `url` TEXT NOT NULL,
  `created_at` TIMESTAMP NOT NULL DEFAULT CURRENT_TIMESTAMP,
  `updated_at` TIMESTAMP NOT NULL DEFAULT CURRENT_TIMESTAMP ON UPDATE CURRENT_TIMESTAMP,
  PRIMARY KEY (`id`))
ENGINE = InnoDB;


-- -----------------------------------------------------
-- Table `patishopper`.`user`
-- -----------------------------------------------------
DROP TABLE IF EXISTS `patishopper`.`user` ;

CREATE TABLE IF NOT EXISTS `patishopper`.`user` (
  `id` INT NOT NULL AUTO_INCREMENT,
  `firstname` VARCHAR(45) NULL,
  `lastname` VARCHAR(45) NULL,
  `phone` VARCHAR(45) NULL,
  `email` VARCHAR(45) NOT NULL,
  `password` VARCHAR(60) NOT NULL,
  `address` VARCHAR(255) NULL,
  `city` VARCHAR(45) NULL,
  `country` VARCHAR(45) NULL,
  `postal_code` INT(11) NULL,
  `token` VARCHAR(45) NULL,
  `status` TINYINT NOT NULL,
  `user_type_id` INT NOT NULL,
  `attachment_id` INT NULL,
  `created_at` TIMESTAMP NOT NULL DEFAULT CURRENT_TIMESTAMP,
  `updated_at` TIMESTAMP NOT NULL DEFAULT CURRENT_TIMESTAMP ON UPDATE CURRENT_TIMESTAMP,
  PRIMARY KEY (`id`),
  UNIQUE INDEX `email_UNIQUE` (`email` ASC),
  INDEX `fk_user_user_type1_idx` (`user_type_id` ASC),
  INDEX `fk_user_attachement1_idx` (`attachment_id` ASC),
  CONSTRAINT `fk_user_user_type1`
    FOREIGN KEY (`user_type_id`)
    REFERENCES `patishopper`.`user_type` (`id`)
    ON DELETE NO ACTION
    ON UPDATE NO ACTION,
  CONSTRAINT `fk_user_attachement1`
    FOREIGN KEY (`attachment_id`)
    REFERENCES `patishopper`.`attachment` (`id`)
    ON DELETE SET NULL
    ON UPDATE NO ACTION)
ENGINE = InnoDB;


-- -----------------------------------------------------
-- Table `patishopper`.`post_type`
-- -----------------------------------------------------
DROP TABLE IF EXISTS `patishopper`.`post_type` ;

CREATE TABLE IF NOT EXISTS `patishopper`.`post_type` (
  `id` INT NOT NULL AUTO_INCREMENT,
  `name` VARCHAR(45) NOT NULL,
  `created_at` TIMESTAMP NOT NULL DEFAULT CURRENT_TIMESTAMP,
  `updated_at` TIMESTAMP NOT NULL DEFAULT CURRENT_TIMESTAMP ON UPDATE CURRENT_TIMESTAMP,
  PRIMARY KEY (`id`))
ENGINE = InnoDB;


-- -----------------------------------------------------
-- Table `patishopper`.`post`
-- -----------------------------------------------------
DROP TABLE IF EXISTS `patishopper`.`post` ;

CREATE TABLE IF NOT EXISTS `patishopper`.`post` (
  `id` INT NOT NULL AUTO_INCREMENT,
  `title` VARCHAR(255) NOT NULL,
  `text` LONGTEXT NULL,
  `slug` VARCHAR(255) NOT NULL,
  `publish_at` DATETIME NULL,
  `has_comment` TINYINT NULL,
  `status` TINYINT NOT NULL,
  `trash` TINYINT NOT NULL,
  `post_type_id` INT NOT NULL,
  `user_id` INT NULL,
  `attachment_id` INT NULL,
  `created_at` TIMESTAMP NOT NULL DEFAULT CURRENT_TIMESTAMP,
  `updated_at` TIMESTAMP NOT NULL DEFAULT CURRENT_TIMESTAMP ON UPDATE CURRENT_TIMESTAMP,
  PRIMARY KEY (`id`),
  INDEX `fk_content_content_type_idx` (`post_type_id` ASC),
  INDEX `fk_content_user1_idx` USING BTREE (`user_id` ASC),
  INDEX `fk_content_attachement1_idx` (`attachment_id` ASC),
  CONSTRAINT `fk_content_content_type`
    FOREIGN KEY (`post_type_id`)
    REFERENCES `patishopper`.`post_type` (`id`)
    ON DELETE CASCADE
    ON UPDATE NO ACTION,
  CONSTRAINT `fk_content_user1`
    FOREIGN KEY (`user_id`)
    REFERENCES `patishopper`.`user` (`id`)
    ON DELETE SET NULL
    ON UPDATE NO ACTION,
  CONSTRAINT `fk_content_attachement1`
    FOREIGN KEY (`attachment_id`)
    REFERENCES `patishopper`.`attachment` (`id`)
    ON DELETE SET NULL
    ON UPDATE NO ACTION)
ENGINE = InnoDB;


-- -----------------------------------------------------
-- Table `patishopper`.`order`
-- -----------------------------------------------------
DROP TABLE IF EXISTS `patishopper`.`order` ;

CREATE TABLE IF NOT EXISTS `patishopper`.`order` (
  `id` INT NOT NULL AUTO_INCREMENT,
  `date` DATETIME NULL DEFAULT CURRENT_TIMESTAMP,
  `status` TINYINT UNSIGNED NOT NULL,
  `user_id` INT NOT NULL,
  `created_at` TIMESTAMP NOT NULL DEFAULT CURRENT_TIMESTAMP,
  `updated_at` TIMESTAMP NOT NULL DEFAULT CURRENT_TIMESTAMP ON UPDATE CURRENT_TIMESTAMP,
  INDEX `fk_order_user1_idx` (`user_id` ASC),
  PRIMARY KEY (`id`),
  CONSTRAINT `fk_order_user1`
    FOREIGN KEY (`user_id`)
    REFERENCES `patishopper`.`user` (`id`)
    ON DELETE NO ACTION
    ON UPDATE NO ACTION)
ENGINE = InnoDB;


-- -----------------------------------------------------
-- Table `patishopper`.`message`
-- -----------------------------------------------------
DROP TABLE IF EXISTS `patishopper`.`message` ;

CREATE TABLE IF NOT EXISTS `patishopper`.`message` (
  `id` INT NOT NULL AUTO_INCREMENT,
  `profession` VARCHAR(255) NOT NULL,
  `lastname` VARCHAR(255) NOT NULL,
  `firstname` VARCHAR(255) NOT NULL,
  `email` VARCHAR(255) NOT NULL,
  `content` VARCHAR(255) NOT NULL,
  `created_at` TIMESTAMP NULL DEFAULT CURRENT_TIMESTAMP,
  `updated_at` TIMESTAMP NULL DEFAULT CURRENT_TIMESTAMP ON UPDATE CURRENT_TIMESTAMP,
  PRIMARY KEY (`id`))
ENGINE = InnoDB;


-- -----------------------------------------------------
-- Table `patishopper`.`category`
-- -----------------------------------------------------
DROP TABLE IF EXISTS `patishopper`.`category` ;

CREATE TABLE IF NOT EXISTS `patishopper`.`category` (
  `id` INT NOT NULL AUTO_INCREMENT,
  `name` VARCHAR(45) NOT NULL,
  `slug` VARCHAR(255) NOT NULL,
  `description` TEXT NULL,
  `type` INT NOT NULL,
  `category_id` INT NULL,
  `created_at` TIMESTAMP NOT NULL DEFAULT CURRENT_TIMESTAMP,
  `updated_at` TIMESTAMP NOT NULL DEFAULT CURRENT_TIMESTAMP ON UPDATE CURRENT_TIMESTAMP,
  PRIMARY KEY (`id`),
  INDEX `fk_category_category1_idx` (`category_id` ASC),
  CONSTRAINT `fk_category_category1`
    FOREIGN KEY (`category_id`)
    REFERENCES `patishopper`.`category` (`id`)
    ON DELETE CASCADE
    ON UPDATE NO ACTION)
ENGINE = InnoDB;


-- -----------------------------------------------------
-- Table `patishopper`.`product`
-- -----------------------------------------------------
DROP TABLE IF EXISTS `patishopper`.`product` ;

CREATE TABLE IF NOT EXISTS `patishopper`.`product` (
  `id` INT NOT NULL AUTO_INCREMENT,
  `name` VARCHAR(255) NOT NULL,
  `slug` VARCHAR(255) NOT NULL,
  `trash` TINYINT NULL,
  `description` TEXT NULL,
  `stock` INT NOT NULL,
  `price` DOUBLE NULL,
  `user_id` INT NULL,
  `attachment_id` INT NULL,
  `created_at` TIMESTAMP NULL DEFAULT CURRENT_TIMESTAMP,
  `updated_at` TIMESTAMP NULL DEFAULT CURRENT_TIMESTAMP ON UPDATE CURRENT_TIMESTAMP,
  PRIMARY KEY (`id`),
  INDEX `fk_product_attachement1_idx` (`attachment_id` ASC),
  INDEX `fk_product_user1_idx` (`user_id` ASC),
  CONSTRAINT `fk_product_attachement1`
    FOREIGN KEY (`attachment_id`)
    REFERENCES `patishopper`.`attachment` (`id`)
    ON DELETE SET NULL
    ON UPDATE NO ACTION,
  CONSTRAINT `fk_product_user1`
    FOREIGN KEY (`user_id`)
    REFERENCES `patishopper`.`user` (`id`)
    ON DELETE SET NULL
    ON UPDATE NO ACTION)
ENGINE = InnoDB;


-- -----------------------------------------------------
-- Table `patishopper`.`comment`
-- -----------------------------------------------------
DROP TABLE IF EXISTS `patishopper`.`comment` ;

CREATE TABLE IF NOT EXISTS `patishopper`.`comment` (
  `id` INT NOT NULL AUTO_INCREMENT,
  `content` TEXT NOT NULL,
  `status` TINYTEXT NOT NULL,
  `user_id` INT NULL,
  `post_id` INT NULL,
  `product_id` INT NULL,
  `comment_id` INT NULL,
  `created_at` TIMESTAMP NOT NULL DEFAULT CURRENT_TIMESTAMP,
  `updated_at` TIMESTAMP NOT NULL DEFAULT CURRENT_TIMESTAMP ON UPDATE CURRENT_TIMESTAMP,
  PRIMARY KEY (`id`),
  INDEX `fk_comment_content1_idx` (`post_id` ASC),
  INDEX `fk_comment_product1_idx` (`product_id` ASC),
  INDEX `fk_comment_comment1_idx` (`comment_id` ASC),
  INDEX `fk_comment_user1_idx` (`user_id` ASC),
  CONSTRAINT `fk_comment_content1`
    FOREIGN KEY (`post_id`)
    REFERENCES `patishopper`.`post` (`id`)
    ON DELETE SET NULL
    ON UPDATE NO ACTION,
  CONSTRAINT `fk_comment_product1`
    FOREIGN KEY (`product_id`)
    REFERENCES `patishopper`.`product` (`id`)
    ON DELETE SET NULL
    ON UPDATE NO ACTION,
  CONSTRAINT `fk_comment_comment1`
    FOREIGN KEY (`comment_id`)
    REFERENCES `patishopper`.`comment` (`id`)
    ON DELETE SET NULL
    ON UPDATE NO ACTION,
  CONSTRAINT `fk_comment_user1`
    FOREIGN KEY (`user_id`)
    REFERENCES `patishopper`.`user` (`id`)
    ON DELETE SET NULL
    ON UPDATE NO ACTION)
ENGINE = InnoDB;


-- -----------------------------------------------------
-- Table `patishopper`.`post_has_category`
-- -----------------------------------------------------
DROP TABLE IF EXISTS `patishopper`.`post_has_category` ;

CREATE TABLE IF NOT EXISTS `patishopper`.`post_has_category` (
  `post_id` INT NOT NULL,
  `category_id` INT NOT NULL,
  `created_at` TIMESTAMP NOT NULL DEFAULT CURRENT_TIMESTAMP,
  `updated_at` TIMESTAMP NOT NULL DEFAULT CURRENT_TIMESTAMP ON UPDATE CURRENT_TIMESTAMP,
  INDEX `fk_content_has_category_content1_idx` (`post_id` ASC),
  INDEX `fk_content_has_category_category1_idx` (`category_id` ASC),
  PRIMARY KEY (`post_id`, `category_id`),
  CONSTRAINT `fk_content_has_category_content1`
    FOREIGN KEY (`post_id`)
    REFERENCES `patishopper`.`post` (`id`)
    ON DELETE CASCADE
    ON UPDATE NO ACTION,
  CONSTRAINT `fk_content_has_category_category1`
    FOREIGN KEY (`category_id`)
    REFERENCES `patishopper`.`category` (`id`)
    ON DELETE CASCADE
    ON UPDATE NO ACTION)
ENGINE = InnoDB;


-- -----------------------------------------------------
-- Table `patishopper`.`setting`
-- -----------------------------------------------------
DROP TABLE IF EXISTS `patishopper`.`setting` ;

CREATE TABLE IF NOT EXISTS `patishopper`.`setting` (
  `id` INT NOT NULL AUTO_INCREMENT,
  `name` VARCHAR(255) NOT NULL,
  `value` LONGTEXT NOT NULL,
  `created_at` TIMESTAMP NULL DEFAULT CURRENT_TIMESTAMP,
  `updated_at` TIMESTAMP NULL DEFAULT CURRENT_TIMESTAMP ON UPDATE CURRENT_TIMESTAMP,
  PRIMARY KEY (`id`))
ENGINE = InnoDB;


-- -----------------------------------------------------
-- Table `patishopper`.`user_role_capability`
-- -----------------------------------------------------
DROP TABLE IF EXISTS `patishopper`.`user_role_capability` ;

CREATE TABLE IF NOT EXISTS `patishopper`.`user_role_capability` (
  `id` INT NOT NULL AUTO_INCREMENT,
  `can_comment` TINYINT NULL,
  `can_order` TINYINT NULL,
  `can_edit_attachment` TINYINT NULL,
  `can_edit_content` TINYINT NULL,
  `can_edit_product` TINYINT NULL,
  `can_edit_setting` TINYINT NULL,
  `user_type_id` INT NOT NULL,
  `created_at` TIMESTAMP NULL DEFAULT CURRENT_TIMESTAMP,
  `updated_at` TIMESTAMP NULL DEFAULT CURRENT_TIMESTAMP ON UPDATE CURRENT_TIMESTAMP,
  PRIMARY KEY (`id`),
  INDEX `fk_user_role_capability_user_type1_idx` (`user_type_id` ASC),
  CONSTRAINT `fk_user_role_capability_user_type1`
    FOREIGN KEY (`user_type_id`)
    REFERENCES `patishopper`.`user_type` (`id`)
    ON DELETE NO ACTION
    ON UPDATE NO ACTION)
ENGINE = InnoDB;


-- -----------------------------------------------------
-- Table `patishopper`.`prospect`
-- -----------------------------------------------------
DROP TABLE IF EXISTS `patishopper`.`prospect` ;

CREATE TABLE IF NOT EXISTS `patishopper`.`prospect` (
  `id` INT NOT NULL AUTO_INCREMENT,
  `email` VARCHAR(45) NOT NULL,
  `created_at` TIMESTAMP NOT NULL DEFAULT CURRENT_TIMESTAMP,
  `updated_at` TIMESTAMP NOT NULL DEFAULT CURRENT_TIMESTAMP ON UPDATE CURRENT_TIMESTAMP,
  PRIMARY KEY (`id`))
ENGINE = InnoDB;


-- -----------------------------------------------------
-- Table `patishopper`.`contact`
-- -----------------------------------------------------
DROP TABLE IF EXISTS `patishopper`.`contact` ;

CREATE TABLE IF NOT EXISTS `patishopper`.`contact` (
  `id` INT NOT NULL AUTO_INCREMENT,
  `entity` VARCHAR(255) NOT NULL,
  `name` VARCHAR(255) NOT NULL,
  `email` VARCHAR(45) NOT NULL,
  `message` TEXT NOT NULL,
  `status` TINYTEXT NOT NULL,
  `created_at` TIMESTAMP NOT NULL DEFAULT CURRENT_TIMESTAMP,
  `updated_at` TIMESTAMP NOT NULL DEFAULT CURRENT_TIMESTAMP ON UPDATE CURRENT_TIMESTAMP,
  PRIMARY KEY (`id`))
ENGINE = InnoDB;


-- -----------------------------------------------------
-- Table `patishopper`.`product_detail`
-- -----------------------------------------------------
DROP TABLE IF EXISTS `patishopper`.`product_detail` ;

CREATE TABLE IF NOT EXISTS `patishopper`.`product_detail` (
  `id` INT NOT NULL AUTO_INCREMENT,
  `product_id` INT NOT NULL,
  `price` DOUBLE NOT NULL,
  `date` DATETIME NOT NULL,
  `created_at` TIMESTAMP NOT NULL DEFAULT CURRENT_TIMESTAMP,
  `updated_at` TIMESTAMP NOT NULL DEFAULT CURRENT_TIMESTAMP ON UPDATE CURRENT_TIMESTAMP,
  PRIMARY KEY (`id`),
  INDEX `fk_price_detail_product1_idx` (`product_id` ASC),
  CONSTRAINT `fk_price_detail_product1`
    FOREIGN KEY (`product_id`)
    REFERENCES `patishopper`.`product` (`id`)
    ON DELETE NO ACTION
    ON UPDATE NO ACTION)
ENGINE = InnoDB;


-- -----------------------------------------------------
-- Table `patishopper`.`product_has_category`
-- -----------------------------------------------------
DROP TABLE IF EXISTS `patishopper`.`product_has_category` ;

CREATE TABLE IF NOT EXISTS `patishopper`.`product_has_category` (
  `product_id` INT NOT NULL,
  `category_id` INT NOT NULL,
  `created_at` TIMESTAMP NOT NULL DEFAULT CURRENT_TIMESTAMP,
  `updated_at` TIMESTAMP NOT NULL DEFAULT CURRENT_TIMESTAMP ON UPDATE CURRENT_TIMESTAMP,
  PRIMARY KEY (`product_id`, `category_id`),
  INDEX `fk_product_has_category_category1_idx` (`category_id` ASC),
  INDEX `fk_product_has_category_product1_idx` (`product_id` ASC),
  CONSTRAINT `fk_product_has_category_product1`
    FOREIGN KEY (`product_id`)
    REFERENCES `patishopper`.`product` (`id`)
    ON DELETE CASCADE
    ON UPDATE NO ACTION,
  CONSTRAINT `fk_product_has_category_category1`
    FOREIGN KEY (`category_id`)
    REFERENCES `patishopper`.`category` (`id`)
    ON DELETE CASCADE
    ON UPDATE NO ACTION)
ENGINE = InnoDB;


-- -----------------------------------------------------
-- Table `patishopper`.`transaction`
-- -----------------------------------------------------
DROP TABLE IF EXISTS `patishopper`.`transaction` ;

CREATE TABLE IF NOT EXISTS `patishopper`.`transaction` (
  `id` INT NOT NULL AUTO_INCREMENT,
  `quantity` INT NULL,
  `price` VARCHAR(45) NULL,
  `order_id` INT NOT NULL,
  `product_id` INT NOT NULL,
  `created_at` TIMESTAMP NULL DEFAULT CURRENT_TIMESTAMP,
  `updated_at` TIMESTAMP NULL DEFAULT CURRENT_TIMESTAMP ON UPDATE CURRENT_TIMESTAMP,
  PRIMARY KEY (`id`),
  INDEX `fk_transaction_order1_idx` (`order_id` ASC),
  INDEX `fk_transaction_product1_idx` (`product_id` ASC),
  CONSTRAINT `fk_transaction_order1`
    FOREIGN KEY (`order_id`)
    REFERENCES `patishopper`.`order` (`id`)
    ON DELETE NO ACTION
    ON UPDATE NO ACTION,
  CONSTRAINT `fk_transaction_product1`
    FOREIGN KEY (`product_id`)
    REFERENCES `patishopper`.`product` (`id`)
    ON DELETE NO ACTION
    ON UPDATE NO ACTION)
ENGINE = InnoDB;


-- -----------------------------------------------------
-- Table `patishopper`.`menu`
-- -----------------------------------------------------
DROP TABLE IF EXISTS `patishopper`.`menu` ;

CREATE TABLE IF NOT EXISTS `patishopper`.`menu` (
  `id` INT NOT NULL AUTO_INCREMENT,
  `title` VARCHAR(255) NULL,
  `status` TINYINT NULL,
  PRIMARY KEY (`id`))
ENGINE = InnoDB;


-- -----------------------------------------------------
-- Table `patishopper`.`section`
-- -----------------------------------------------------
DROP TABLE IF EXISTS `patishopper`.`section` ;

CREATE TABLE IF NOT EXISTS `patishopper`.`section` (
  `id` INT NOT NULL AUTO_INCREMENT,
  `rank` INT NULL,
  `name` VARCHAR(255) NULL,
  `href` VARCHAR(255) NULL,
  `menu_id` INT NULL,
  PRIMARY KEY (`id`),
  INDEX `fk_section_menu1_idx` (`menu_id` ASC),
  CONSTRAINT `fk_section_menu1`
    FOREIGN KEY (`menu_id`)
    REFERENCES `patishopper`.`menu` (`id`)
    ON DELETE SET NULL
    ON UPDATE CASCADE)
ENGINE = InnoDB;


-- -----------------------------------------------------
-- Table `patishopper`.`visitor`
-- -----------------------------------------------------
DROP TABLE IF EXISTS `patishopper`.`visitor` ;

CREATE TABLE IF NOT EXISTS `patishopper`.`visitor` (
  `id` INT NOT NULL AUTO_INCREMENT,
  `ip` VARCHAR(255) NULL,
  `time` DATE NULL,
  PRIMARY KEY (`id`))
ENGINE = InnoDB;


SET SQL_MODE=@OLD_SQL_MODE;
SET FOREIGN_KEY_CHECKS=@OLD_FOREIGN_KEY_CHECKS;
SET UNIQUE_CHECKS=@OLD_UNIQUE_CHECKS;

-- -----------------------------------------------------
-- Data for table `patishopper`.`user_type`
-- -----------------------------------------------------
START TRANSACTION;
USE `patishopper`;
INSERT INTO `patishopper`.`user_type` (`id`, `role`, `created_at`, `updated_at`) VALUES (1, 'Administrateur', '2018-04-23 11:44:21', '2018-04-23 11:44:21');
INSERT INTO `patishopper`.`user_type` (`id`, `role`, `created_at`, `updated_at`) VALUES (2, 'Manager', '2018-04-23 11:44:21', '2018-04-23 11:44:21');
INSERT INTO `patishopper`.`user_type` (`id`, `role`, `created_at`, `updated_at`) VALUES (3, 'Abonné', '2018-04-23 11:44:37', '2018-04-23 11:44:37');

COMMIT;


-- -----------------------------------------------------
-- Data for table `patishopper`.`attachment`
-- -----------------------------------------------------
START TRANSACTION;
USE `patishopper`;
INSERT INTO `patishopper`.`attachment` (`id`, `name`, `description`, `url`, `created_at`, `updated_at`) VALUES (1, 'Default', 'User default picture', '/public/images/front/icons/icon_user.svg', '2018-04-23 11:55:48', '2018-04-23 11:55:48');
INSERT INTO `patishopper`.`attachment` (`id`, `name`, `description`, `url`, `created_at`, `updated_at`) VALUES (2, 'cadeau-sucre.png', 'NULL', '/public/attachments/cadeau-sucre.png', '2018-06-29 01:04:34', '2018-06-29 01:04:34');
INSERT INTO `patishopper`.`attachment` (`id`, `name`, `description`, `url`, `created_at`, `updated_at`) VALUES (3, 'candy-day.png', 'NULL', '/public/attachments/candy-day.png', '2018-06-29 01:04:49', '2018-06-29 01:04:49');
INSERT INTO `patishopper`.`attachment` (`id`, `name`, `description`, `url`, `created_at`, `updated_at`) VALUES (4, 'chocolat.png', 'NULL', '/public/attachments/chocolat.png', '2018-06-29 01:07:37', '2018-06-29 01:07:37');
INSERT INTO `patishopper`.`attachment` (`id`, `name`, `description`, `url`, `created_at`, `updated_at`) VALUES (5, 'chouquette.png', 'NULL', '/public/attachments/chouquette.png', '2018-06-29 01:07:43', '2018-06-29 01:07:43');
INSERT INTO `patishopper`.`attachment` (`id`, `name`, `description`, `url`, `created_at`, `updated_at`) VALUES (6, 'chouquette2.png', 'NULL', '/public/attachments/chouquette2.png', '2018-06-29 01:07:48', '2018-06-29 01:07:48');
INSERT INTO `patishopper`.`attachment` (`id`, `name`, `description`, `url`, `created_at`, `updated_at`) VALUES (7, 'eclair-choco.png', 'NULL', '/public/attachments/eclair-choco.png', '2018-06-29 01:10:08', '2018-06-29 01:10:08');
INSERT INTO `patishopper`.`attachment` (`id`, `name`, `description`, `url`, `created_at`, `updated_at`) VALUES (8, 'financier.png', 'NULL', '/public/attachments/financier.png', '2018-06-29 01:10:29', '2018-06-29 01:10:29');
INSERT INTO `patishopper`.`attachment` (`id`, `name`, `description`, `url`, `created_at`, `updated_at`) VALUES (9, 'macaron.png', 'NULL', '/public/attachments/macaron.png', '2018-06-29 01:10:38', '2018-06-29 01:10:38');
INSERT INTO `patishopper`.`attachment` (`id`, `name`, `description`, `url`, `created_at`, `updated_at`) VALUES (10, 'noel-gourmand.png', 'NULL', '/public/attachments/noel-gourmand.png', '2018-06-29 01:10:44', '2018-06-29 01:10:44');
INSERT INTO `patishopper`.`attachment` (`id`, `name`, `description`, `url`, `created_at`, `updated_at`) VALUES (11, 'paris-brest.png', 'NULL', '/public/attachments/paris-brest.png', '2018-06-29 01:10:54', '2018-06-29 01:10:54');
INSERT INTO `patishopper`.`attachment` (`id`, `name`, `description`, `url`, `created_at`, `updated_at`) VALUES (12, 'paris-brest2.png', 'NULL', '/public/attachments/paris-brest2.png', '2018-06-29 01:11:03', '2018-06-29 01:11:03');
INSERT INTO `patishopper`.`attachment` (`id`, `name`, `description`, `url`, `created_at`, `updated_at`) VALUES (13, 'promo.png', 'NULL', '/public/attachments/promo.png', '2018-06-29 01:11:11', '2018-06-29 01:11:11');
INSERT INTO `patishopper`.`attachment` (`id`, `name`, `description`, `url`, `created_at`, `updated_at`) VALUES (14, 'tartelette-citron.png', 'NULL', '/public/attachments/tartelette-citron.png', '2018-06-29 01:11:19', '2018-06-29 01:11:19');
INSERT INTO `patishopper`.`attachment` (`id`, `name`, `description`, `url`, `created_at`, `updated_at`) VALUES (15, 'tartelette-citron2.png', 'NULL', '/public/attachments/tartelette-citron2.png', '2018-06-29 01:11:26', '2018-06-29 01:11:26');
INSERT INTO `patishopper`.`attachment` (`id`, `name`, `description`, `url`, `created_at`, `updated_at`) VALUES (16, 'tartelette-framboise.png', 'NULL', '/public/attachments/tartelette-framboise.png', '2018-06-29 01:11:32', '2018-06-29 01:11:32');
INSERT INTO `patishopper`.`attachment` (`id`, `name`, `description`, `url`, `created_at`, `updated_at`) VALUES (17, 'lecalendrierdelacoupedumonde2018.pdf', 'NULL', '/public/attachments/pdf.svg', '2018-06-28 21:06:15', '2018-06-30 11:28:40');
INSERT INTO `patishopper`.`attachment` (`id`, `name`, `description`, `url`, `created_at`, `updated_at`) VALUES (18, 'orange_logo.svg', 'NULL', '/public/attachments/orange_logo.svg', '2018-07-03 19:10:29', '2018-07-03 19:10:29');
INSERT INTO `patishopper`.`attachment` (`id`, `name`, `description`, `url`, `created_at`, `updated_at`) VALUES (19, 'brown_logo.svg', 'NULL', '/public/attachments/brown_logo.svg', '2018-07-09 15:04:19', '2018-07-09 15:04:19');
INSERT INTO `patishopper`.`attachment` (`id`, `name`, `description`, `url`, `created_at`, `updated_at`) VALUES (20, 'pink_logo.svg', 'NULL', '/public/attachments/pink_logo.svg', '2018-07-09 16:26:41', '2018-07-09 16:26:41');
INSERT INTO `patishopper`.`attachment` (`id`, `name`, `description`, `url`, `created_at`, `updated_at`) VALUES (21, '2.png', 'NULL', '/public/attachments/2.png', '2018-07-22 09:12:37', '2018-07-22 09:12:37');
INSERT INTO `patishopper`.`attachment` (`id`, `name`, `description`, `url`, `created_at`, `updated_at`) VALUES (22, 'BARCELONA.jpg', 'NULL', '/public/attachments/BARCELONA.jpg', '2018-07-22 10:57:16', '2018-07-22 10:57:16');

COMMIT;


-- -----------------------------------------------------
-- Data for table `patishopper`.`user`
-- -----------------------------------------------------
START TRANSACTION;
USE `patishopper`;
INSERT INTO `patishopper`.`user` (`id`, `firstname`, `lastname`, `phone`, `email`, `password`, `address`, `city`, `country`, `postal_code`, `token`, `status`, `user_type_id`, `attachment_id`, `created_at`, `updated_at`) VALUES (1, 'Admin', 'MANAGER', '0768000000', 'contact.patishopper@gmail.com', '$2y$10$ZbHLc.FCtyL0WTHpgQAjIOL2Wbg9LW44vlzV0l8IgU3oYXhPCnAxa', 'rue de la paix', 'paris', 'france', 75009, 'c751adc3c1', 1, 1, 1, '2018-06-01 10:12:18', '2018-06-01 10:12:56');
INSERT INTO `patishopper`.`user` (`id`, `firstname`, `lastname`, `phone`, `email`, `password`, `address`, `city`, `country`, `postal_code`, `token`, `status`, `user_type_id`, `attachment_id`, `created_at`, `updated_at`) VALUES (2, 'Kaba', 'CONDE', '0768141623', 'kabaconde15@gmail.com', '$2y$10$JVEW8B6CvoAjPSZznnApHeFQu4khNI5tDEXT32VyKGge7VBRsiUdK', '54 rue de juvisy', 'athis-mons', 'france', 91200, '4d20c2af74', 1, 3, 1, '2018-07-22 01:04:39', '2018-07-22 01:04:50');

COMMIT;


-- -----------------------------------------------------
-- Data for table `patishopper`.`post_type`
-- -----------------------------------------------------
START TRANSACTION;
USE `patishopper`;
INSERT INTO `patishopper`.`post_type` (`id`, `name`, `created_at`, `updated_at`) VALUES (1, 'Article', '2018-04-26 01:10:04', '2018-04-26 01:10:04');
INSERT INTO `patishopper`.`post_type` (`id`, `name`, `created_at`, `updated_at`) VALUES (2, 'Page', '2018-04-26 01:10:35', '2018-04-26 01:10:35');

COMMIT;


-- -----------------------------------------------------
-- Data for table `patishopper`.`post`
-- -----------------------------------------------------
START TRANSACTION;
USE `patishopper`;
INSERT INTO `patishopper`.`post` (`id`, `title`, `text`, `slug`, `publish_at`, `has_comment`, `status`, `trash`, `post_type_id`, `user_id`, `attachment_id`, `created_at`, `updated_at`) VALUES (1, 'eu turpis. Nulla aliquet. Proin velit. Sed malesuada augue ut', 'vel, mauris. Integer sem elit, pharetra ut, pharetra', '', '2018-02-01 07:12:16', 1, 1, 0, 2, 1, 1, '2018-03-15 09:19:14', '2018-10-16 16:55:09');
INSERT INTO `patishopper`.`post` (`id`, `title`, `text`, `slug`, `publish_at`, `has_comment`, `status`, `trash`, `post_type_id`, `user_id`, `attachment_id`, `created_at`, `updated_at`) VALUES (2, 'et, eros. Proin ultrices. Duis volutpat nunc sit amet metus.', '<p>penatibus et magnis dis parturient montes, nascetur ridiculus mus. Aenean eget magna. Suspendisse tristique neque venenatis lacus. Etiam bibendum fermentum metus. Aenean sed pede nec ante blandit viverra. Donec tempus, lorem fringilla ornare placerat, orci lacus vestibulum lorem,</p>\r\n', 'et-eros-proin-ultrices-duis-volutpat-nunc-sit-amet-metus-', '2019-02-07 13:12:46', 1, 1, 0, 1, 1, 3, '2019-03-27 16:27:24', '2018-07-11 23:15:12');
INSERT INTO `patishopper`.`post` (`id`, `title`, `text`, `slug`, `publish_at`, `has_comment`, `status`, `trash`, `post_type_id`, `user_id`, `attachment_id`, `created_at`, `updated_at`) VALUES (3, 'ultrices posuere cubilia Curae; Donec tincidunt. Donec vitae erat vel', '<p>pretium aliquet, metus urna convallis erat, eget tincidunt dui augue eu tellus. Phasellus elit pede, malesuada vel, venenatis vel, faucibus id, libero. Donec consectetuer mauris id sapien. Cras dolor dolor, tempus non, lacinia at, iaculis quis, pede. Praesent eu dui. Cum sociis natoque penatibus et magnis dis parturient montes, nascetur ridiculus mus. Aenean eget magna. Suspendisse tristique neque venenatis lacus. Etiam bibendum fermentum metus. Aenean sed pede nec</p>\r\n', 'ultrices-posuere-cubilia-curae-donec-tincidunt-donec-vitae-erat-vel', '2017-08-02 01:46:21', 1, 1, 0, 1, 1, 3, '2018-03-16 06:37:14', '2018-07-11 23:08:38');
INSERT INTO `patishopper`.`post` (`id`, `title`, `text`, `slug`, `publish_at`, `has_comment`, `status`, `trash`, `post_type_id`, `user_id`, `attachment_id`, `created_at`, `updated_at`) VALUES (4, 'sodales. Mauris blandit enim consequat purus. Maecenas libero est, congue', '<p>quis turpis vitae purus gravida sagittis. Duis gravida. Praesent eu nulla at sem molestie sodales. Mauris blandit enim consequat purus. Maecenas libero est, congue a, aliquet vel, vulputate eu, odio. Phasellus at augue id ante dictum cursus. Nunc mauris elit, dictum eu, eleifend nec, malesuada ut, sem. Nulla</p>\r\n', 'sodales-mauris-blandit-enim-consequat-purus-maecenas-libero-est-congue', '2017-07-22 23:13:32', 1, 1, 0, 1, 1, 15, '2017-08-08 11:47:39', '2018-07-11 23:17:00');
INSERT INTO `patishopper`.`post` (`id`, `title`, `text`, `slug`, `publish_at`, `has_comment`, `status`, `trash`, `post_type_id`, `user_id`, `attachment_id`, `created_at`, `updated_at`) VALUES (5, 'aliquet nec, imperdiet nec, leo. Morbi neque tellus, imperdiet non,', '<p>molestie. Sed id risus quis diam luctus lobortis. Class aptent taciti sociosqu ad litora torquent per conubia nostra, per inceptos hymenaeos. Mauris ut quam vel sapien imperdiet ornare. In faucibus. Morbi vehicula. Pellentesque tincidunt tempus risus. Donec egestas. Duis ac arcu. Nunc mauris. Morbi non sapien molestie orci tincidunt adipiscing. Mauris molestie pharetra nibh. Aliquam ornare, libero at auctor ullamcorper, nisl arcu iaculis enim, sit amet ornare lectus justo eu arcu. Morbi sit amet massa. Quisque porttitor eros nec tellus. Nunc</p>\r\n', 'aliquet-nec-imperdiet-nec-leo-morbi-neque-tellus-imperdiet-non-', '2018-10-19 13:01:47', 0, 1, 0, 1, 1, 9, '2018-11-28 15:49:42', '2018-07-11 23:17:46');
INSERT INTO `patishopper`.`post` (`id`, `title`, `text`, `slug`, `publish_at`, `has_comment`, `status`, `trash`, `post_type_id`, `user_id`, `attachment_id`, `created_at`, `updated_at`) VALUES (6, 'erat, eget tincidunt dui augue eu tellus. Phasellus elit pede,', '<p>est tempor bibendum. Donec felis orci, adipiscing non, luctus sit amet, faucibus ut, nulla. Cras eu tellus eu augue porttitor interdum. Sed auctor odio a purus. Duis elementum, dui quis accumsan convallis, ante lectus convallis est, vitae sodales nisi magna sed dui. Fusce aliquam, enim nec tempus scelerisque, lorem ipsum sodales purus, in molestie tortor nibh sit amet orci. Ut sagittis lobortis</p>\r\n', 'erat-eget-tincidunt-dui-augue-eu-tellus-phasellus-elit-pede-', '2019-01-01 22:46:09', 0, 1, 0, 1, 1, 14, '2018-12-13 01:00:26', '2018-07-11 23:16:41');
INSERT INTO `patishopper`.`post` (`id`, `title`, `text`, `slug`, `publish_at`, `has_comment`, `status`, `trash`, `post_type_id`, `user_id`, `attachment_id`, `created_at`, `updated_at`) VALUES (7, 'eu arcu. Morbi sit amet massa. Quisque porttitor eros nec', 'metus. Vivamus euismod urna. Nullam lobortis quam a felis ullamcorper viverra. Maecenas iaculis aliquet diam. Sed diam lorem, auctor quis, tristique ac, eleifend vitae, erat. Vivamus nisi. Mauris nulla. Integer urna. Vivamus molestie dapibus ligula. Aliquam erat volutpat. Nulla dignissim. Maecenas ornare egestas ligula. Nullam feugiat placerat velit. Quisque varius. Nam porttitor scelerisque neque. Nullam nisl. Maecenas malesuada fringilla est. Mauris eu turpis. Nulla aliquet. Proin velit. Sed malesuada augue ut lacus. Nulla tincidunt, neque vitae semper egestas, urna justo faucibus lectus, a sollicitudin orci sem', '', '2018-09-16 06:06:36', 1, 1, 0, 2, 1, 1, '2018-04-27 16:38:23', '2017-09-18 09:41:20');
INSERT INTO `patishopper`.`post` (`id`, `title`, `text`, `slug`, `publish_at`, `has_comment`, `status`, `trash`, `post_type_id`, `user_id`, `attachment_id`, `created_at`, `updated_at`) VALUES (8, 'Aenean gravida nunc sed pede. Cum sociis natoque penatibus et', 'in faucibus orci luctus et ultrices posuere cubilia Curae; Phasellus ornare. Fusce mollis. Duis sit amet diam eu dolor egestas rhoncus. Proin nisl sem, consequat', '', '2018-04-23 03:09:36', 1, 1, 0, 2, 1, 1, '2018-11-01 17:48:04', '2018-07-11 22:23:05');
INSERT INTO `patishopper`.`post` (`id`, `title`, `text`, `slug`, `publish_at`, `has_comment`, `status`, `trash`, `post_type_id`, `user_id`, `attachment_id`, `created_at`, `updated_at`) VALUES (9, 'placerat. Cras dictum ultricies ligula. Nullam enim. Sed nulla ante,', '<p>ridiculus mus. Proin vel arcu eu odio tristique pharetra. Quisque ac libero nec ligula consectetuer rhoncus. Nullam velit dui, semper et, lacinia vitae, sodales at, velit. Pellentesque ultricies dignissim lacus. Aliquam rutrum lorem ac risus. Morbi metus. Vivamus euismod urna. Nullam lobortis quam a felis ullamcorper viverra. Maecenas iaculis aliquet diam. Sed diam lorem, auctor quis, tristique ac, eleifend vitae, erat. Vivamus nisi. Mauris nulla. Integer urna. Vivamus molestie dapibus ligula. Aliquam erat volutpat. Nulla dignissim. Maecenas ornare egestas ligula. Nullam feugiat placerat velit. Quisque varius. Nam porttitor scelerisque neque. Nullam nisl. Maecenas malesuada fringilla est. Mauris</p>\r\n', 'placerat-cras-dictum-ultricies-ligula-nullam-enim-sed-nulla-ante-', '2018-08-13 19:18:22', 1, 0, 0, 1, 1, 10, '2017-10-27 02:21:55', '2018-07-11 23:15:05');
INSERT INTO `patishopper`.`post` (`id`, `title`, `text`, `slug`, `publish_at`, `has_comment`, `status`, `trash`, `post_type_id`, `user_id`, `attachment_id`, `created_at`, `updated_at`) VALUES (10, 'accumsan sed, facilisis vitae, orci. Phasellus dapibus quam quis diam.', '<p>Aliquam erat volutpat. Nulla facilisis. Suspendisse commodo tincidunt nibh. Phasellus nulla. Integer vulputate, risus a ultricies adipiscing, enim mi tempor lorem, eget mollis lectus pede et risus. Quisque libero lacus, varius et, euismod et, commodo at, libero. Morbi accumsan laoreet ipsum. Curabitur consequat, lectus sit amet luctus vulputate, nisi sem semper erat, in consectetuer ipsum nunc id enim. Curabitur massa. Vestibulum accumsan neque et nunc. Quisque ornare tortor at risus. Nunc ac sem ut dolor dapibus gravida. Aliquam tincidunt, nunc ac mattis ornare, lectus ante dictum mi, ac mattis velit justo nec ante. Maecenas mi felis, adipiscing fringilla,</p>\r\n', 'accumsan-sed-facilisis-vitae-orci-phasellus-dapibus-quam-quis-diam-', '2019-04-22 12:17:02', 0, 1, 0, 1, 1, 5, '2017-07-18 11:40:32', '2018-07-11 23:16:11');
INSERT INTO `patishopper`.`post` (`id`, `title`, `text`, `slug`, `publish_at`, `has_comment`, `status`, `trash`, `post_type_id`, `user_id`, `attachment_id`, `created_at`, `updated_at`) VALUES (11, 'Nullam velit dui, semper et, lacinia vitae, sodales at, velit.', '<p>Nunc mauris elit, dictum eu, eleifend nec, malesuada ut, sem. Nulla interdum. Curabitur dictum. Phasellus in felis. Nulla tempor augue ac ipsum. Phasellus vitae mauris sit amet lorem semper auctor. Mauris vel turpis. Aliquam adipiscing lobortis risus. In mi pede, nonummy ut, molestie in, tempus eu, ligula. Aenean euismod mauris eu elit. Nulla facilisi. Sed neque. Sed eget lacus. Mauris non dui nec urna</p>\r\n', 'nullam-velit-dui-semper-et-lacinia-vitae-sodales-at-velit-', '2018-12-02 15:09:32', 1, 1, 0, 1, 1, 11, '2018-08-10 02:15:50', '2018-07-11 23:17:38');
INSERT INTO `patishopper`.`post` (`id`, `title`, `text`, `slug`, `publish_at`, `has_comment`, `status`, `trash`, `post_type_id`, `user_id`, `attachment_id`, `created_at`, `updated_at`) VALUES (12, 'rhoncus. Donec est. Nunc ullamcorper, velit in aliquet lobortis, nisi', 'tempus scelerisque, lorem ipsum sodales purus, in molestie tortor nibh sit amet orci. Ut sagittis lobortis mauris. Suspendisse aliquet molestie tellus. Aenean egestas hendrerit neque. In ornare sagittis felis. Donec tempor, est ac mattis semper, dui lectus rutrum urna, nec luctus felis purus ac tellus. Suspendisse sed', '', '2018-10-07 08:11:20', 1, 1, 0, 2, 1, 1, '2018-01-06 01:36:16', '2019-04-08 13:22:04');
INSERT INTO `patishopper`.`post` (`id`, `title`, `text`, `slug`, `publish_at`, `has_comment`, `status`, `trash`, `post_type_id`, `user_id`, `attachment_id`, `created_at`, `updated_at`) VALUES (13, 'dolor. Fusce mi lorem, vehicula et, rutrum eu, ultrices sit', '<p>libero. Donec consectetuer mauris id sapien. Cras dolor dolor, tempus non, lacinia</p>\r\n', 'dolor-fusce-mi-lorem-vehicula-et-rutrum-eu-ultrices-sit', '2018-06-14 12:48:17', 1, 0, 0, 1, 1, 11, '2018-04-12 14:49:40', '2018-07-11 23:16:25');
INSERT INTO `patishopper`.`post` (`id`, `title`, `text`, `slug`, `publish_at`, `has_comment`, `status`, `trash`, `post_type_id`, `user_id`, `attachment_id`, `created_at`, `updated_at`) VALUES (14, 'interdum. Curabitur dictum. Phasellus in felis. Nulla tempor augue ac', '<p>felis ullamcorper viverra. Maecenas iaculis aliquet diam. Sed diam lorem, auctor quis, tristique ac, eleifend vitae, erat. Vivamus nisi. Mauris nulla. Integer urna. Vivamus molestie dapibus ligula. Aliquam</p>\r\n', 'interdum-curabitur-dictum-phasellus-in-felis-nulla-tempor-augue-ac', '2018-08-08 17:35:37', 1, 0, 0, 1, 1, 11, '2018-06-16 04:56:46', '2018-07-11 23:15:37');
INSERT INTO `patishopper`.`post` (`id`, `title`, `text`, `slug`, `publish_at`, `has_comment`, `status`, `trash`, `post_type_id`, `user_id`, `attachment_id`, `created_at`, `updated_at`) VALUES (15, 'Proin ultrices. Duis volutpat nunc sit amet metus. Aliquam erat', '<p>turpis. Nulla aliquet. Proin velit. Sed malesuada augue ut lacus. Nulla tincidunt, neque vitae semper egestas, urna justo faucibus lectus, a sollicitudin orci sem eget massa. Suspendisse eleifend. Cras sed leo. Cras vehicula aliquet libero. Integer in magna. Phasellus dolor elit, pellentesque a, facilisis non,</p>\r\n', 'proin-ultrices-duis-volutpat-nunc-sit-amet-metus-aliquam-erat', '2019-02-12 07:33:17', 1, 0, 0, 1, 1, 9, '2017-12-02 14:29:53', '2018-07-11 23:17:11');
INSERT INTO `patishopper`.`post` (`id`, `title`, `text`, `slug`, `publish_at`, `has_comment`, `status`, `trash`, `post_type_id`, `user_id`, `attachment_id`, `created_at`, `updated_at`) VALUES (16, 'Mentions légales', '<div class=\"info message\" style=\"display:flex; flex-direction:column; padding:2%; width:80%\">Nous avons mis &agrave; jour notre politique de confidentialit&eacute; avec la mise en vigueur du RGPD le 28 mai dernier.<br />\n<a class=\"button\" href=\"#\" style=\"width: 30%;margin-top: 2%;\">Lire la mise &agrave; jour compl&egrave;te</a></div>\n\n<h4 style=\"text-align:justify\"><strong>1. Pr&eacute;sentation du site</strong></h4>\n\n<p style=\"text-align:justify\"><br />\n<span style=\"font-size:12px\">En vertu de l&#39;<strong>article 6 de la loi n&deg; 2004-575 du 21 juin 2004</strong> pour la confiance dans l&#39;&eacute;conomie num&eacute;rique, il est pr&eacute;cis&eacute; aux utilisateurs du site patishopper.com l&#39;identit&eacute; des diff&eacute;rents intervenants dans le cadre de sa r&eacute;alisation et de son suivi :<br />\nPropri&eacute;taire : Patishopper &ndash; &ndash; 242 rue de faubourg 75012 Paris<br />\nCr&eacute;ateur : jjakesgi@gmail.com<br />\nResponsable publication : Les membres du groupe &ndash; jjakesgi@gmail.com<br />\nLe responsable publication est une personne physique ou une personne morale.<br />\nWebmaster : Les membres du groupe &ndash; jjakesgi@gmail.com<br />\nH&eacute;bergeur : OVH &ndash; 2 RUE KELLERMANN, 59100 ROUBAIX France<br />\nCr&eacute;dits : Kaba CONDE, Jonathan RAKOTONIRINA, J&eacute;r&eacute;my CASTELAIN, Adam Malick SOW<br />\nLe mod&egrave;le de mentions l&eacute;gales est offert par Subdelirium.com G&eacute;n&eacute;rateur de mentions l&eacute;gales</span></p>\n\n<h4 style=\"text-align:justify\"><br />\n2. Conditions g&eacute;n&eacute;rales d&rsquo;utilisation du site et des services propos&eacute;s</h4>\n\n<p style=\"text-align:justify\"><br />\n<span style=\"font-size:12px\">L&rsquo;utilisation du site patishopper.com implique l&rsquo;acceptation pleine et enti&egrave;re des conditions g&eacute;n&eacute;rales d&rsquo;utilisation ci-apr&egrave;s d&eacute;crites. Ces conditions d&rsquo;utilisation sont susceptibles d&rsquo;&ecirc;tre modifi&eacute;es ou compl&eacute;t&eacute;es &agrave; tout moment, les utilisateurs du site patishopper.com sont donc invit&eacute;s &agrave; les consulter de mani&egrave;re r&eacute;guli&egrave;re.</span></p>\n\n<p style=\"text-align:justify\"><span style=\"font-size:12px\">Ce site est normalement accessible &agrave; tout moment aux utilisateurs. Une interruption pour raison de maintenance technique peut &ecirc;tre toutefois d&eacute;cid&eacute;e par Patishopper, qui s&rsquo;efforcera alors de communiquer pr&eacute;alablement aux utilisateurs les dates et heures de l&rsquo;intervention.</span></p>\n\n<p style=\"text-align:justify\"><span style=\"font-size:12px\">Le site patishopper.com est mis &agrave; jour r&eacute;guli&egrave;rement par Les membres du groupe. De la m&ecirc;me fa&ccedil;on, les mentions l&eacute;gales peuvent &ecirc;tre modifi&eacute;es &agrave; tout moment : elles s&rsquo;imposent n&eacute;anmoins &agrave; l&rsquo;utilisateur qui est invit&eacute; &agrave; s&rsquo;y r&eacute;f&eacute;rer le plus souvent possible afin d&rsquo;en prendre connaissance.</span></p>\n\n<h4 style=\"text-align:justify\">&nbsp;</h4>\n\n<h4 style=\"text-align:justify\">3. Description des services fournis<br />\nLe site patishopper.com a pour objet de fournir une information concernant l&rsquo;ensemble des activit&eacute;s de la soci&eacute;t&eacute;.</h4>\n\n<p style=\"text-align:justify\"><span style=\"font-size:12px\">Patishopper s&rsquo;efforce de fournir sur le site patishopper.com des informations aussi pr&eacute;cises que possible. Toutefois, il ne pourra &ecirc;tre tenue responsable des omissions, des inexactitudes et des carences dans la mise &agrave; jour, qu&rsquo;elles soient de son fait ou du fait des tiers partenaires qui lui fournissent ces informations.</span></p>\n\n<p style=\"text-align:justify\"><span style=\"font-size:12px\">Toutes les informations indiqu&eacute;es sur le site patishopper.com sont donn&eacute;es &agrave; titre indicatif, et sont susceptibles d&rsquo;&eacute;voluer. Par ailleurs, les renseignements figurant sur le site patishopper.com ne sont pas exhaustifs. Ils sont donn&eacute;s sous r&eacute;serve de modifications ayant &eacute;t&eacute; apport&eacute;es depuis leur mise en ligne.</span></p>\n\n<h4 style=\"text-align:justify\">&nbsp;</h4>\n\n<h4 style=\"text-align:justify\">4. Limitations contractuelles sur les donn&eacute;es techniques</h4>\n\n<p style=\"text-align:justify\"><br />\n<span style=\"font-size:12px\">Le site utilise la technologie JavaScript.<br />\nLe site Internet ne pourra &ecirc;tre tenu responsable de dommages mat&eacute;riels li&eacute;s &agrave; l&rsquo;utilisation du site. De plus, l&rsquo;utilisateur du site s&rsquo;engage &agrave; acc&eacute;der au site en utilisant un mat&eacute;riel r&eacute;cent, ne contenant pas de virus et avec un navigateur de derni&egrave;re g&eacute;n&eacute;ration mis-&agrave;-jour.</span></p>\n\n<h4 style=\"text-align:justify\"><br />\n5. Propri&eacute;t&eacute; intellectuelle et contrefa&ccedil;ons.</h4>\n\n<p style=\"text-align:justify\"><br />\n<span style=\"font-size:12px\">Patishopper est propri&eacute;taire des droits de propri&eacute;t&eacute; intellectuelle ou d&eacute;tient les droits d&rsquo;usage sur tous les &eacute;l&eacute;ments accessibles sur le site, notamment les textes, images, graphismes, logo, ic&ocirc;nes, sons, logiciels.<br />\nToute reproduction, repr&eacute;sentation, modification, publication, adaptation de tout ou partie des &eacute;l&eacute;ments du site, quel que soit le moyen ou le proc&eacute;d&eacute; utilis&eacute;, est interdite, sauf autorisation &eacute;crite pr&eacute;alable de : Patishopper.<br />\nToute exploitation non autoris&eacute;e du site ou de l&rsquo;un quelconque des &eacute;l&eacute;ments qu&rsquo;il contient sera consid&eacute;r&eacute;e comme constitutive d&rsquo;une contrefa&ccedil;on et poursuivie conform&eacute;ment aux dispositions des <strong>articles L.335-2 et suivants du Code de Propri&eacute;t&eacute; Intellectuelle</strong>.</span></p>\n\n<h4 style=\"text-align:justify\">&nbsp;</h4>\n\n<h4 style=\"text-align:justify\">5. Propri&eacute;t&eacute; intellectuelle et contrefa&ccedil;ons</h4>\n\n<p style=\"text-align:justify\"><br />\n<span style=\"font-size:12px\">Patishopper est propri&eacute;taire des droits de propri&eacute;t&eacute; intellectuelle ou d&eacute;tient les droits d&rsquo;usage sur tous les &eacute;l&eacute;ments accessibles sur le site, notamment les textes, images, graphismes, logo, ic&ocirc;nes, sons, logiciels.<br />\nToute reproduction, repr&eacute;sentation, modification, publication, adaptation de tout ou partie des &eacute;l&eacute;ments du site, quel que soit le moyen ou le proc&eacute;d&eacute; utilis&eacute;, est interdite, sauf autorisation &eacute;crite pr&eacute;alable de : Patishopper.<br />\nToute exploitation non autoris&eacute;e du site ou de l&rsquo;un quelconque des &eacute;l&eacute;ments qu&rsquo;il contient sera consid&eacute;r&eacute;e comme constitutive d&rsquo;une contrefa&ccedil;on et poursuivie conform&eacute;ment aux dispositions des <strong>articles L.335-2 et suivants du Code de Propri&eacute;t&eacute; Intellectuelle</strong>.</span></p>\n\n<h4 style=\"text-align:justify\"><br />\n6. Limitations de responsabilit&eacute;</h4>\n\n<p style=\"text-align:justify\"><br />\n<span style=\"font-size:12px\">Patishopper ne pourra &ecirc;tre tenue responsable des dommages directs et indirects caus&eacute;s au mat&eacute;riel de l&rsquo;utilisateur, lors de l&rsquo;acc&egrave;s au site patishopper.com, et r&eacute;sultant soit de l&rsquo;utilisation d&rsquo;un mat&eacute;riel ne r&eacute;pondant pas aux sp&eacute;cifications indiqu&eacute;es au point 4, soit de l&rsquo;apparition d&rsquo;un bug ou d&rsquo;une incompatibilit&eacute;.<br />\nPatishopper ne pourra &eacute;galement &ecirc;tre tenue responsable des dommages indirects (tels par exemple qu&rsquo;une perte de march&eacute; ou perte d&rsquo;une chance) cons&eacute;cutifs &agrave; l&rsquo;utilisation du site patishopper.com.<br />\nDes espaces interactifs (possibilit&eacute; de poser des questions dans l&rsquo;espace contact) sont &agrave; la disposition des utilisateurs. Patishopper se r&eacute;serve le droit de supprimer, sans mise en demeure pr&eacute;alable, tout contenu d&eacute;pos&eacute; dans cet espace qui contreviendrait &agrave; la l&eacute;gislation applicable en France, en particulier aux dispositions relatives &agrave; la protection des donn&eacute;es. Le cas &eacute;ch&eacute;ant, Patishopper se r&eacute;serve &eacute;galement la possibilit&eacute; de mettre en cause la responsabilit&eacute; civile et/ou p&eacute;nale de l&rsquo;utilisateur, notamment en cas de message &agrave; caract&egrave;re raciste, injurieux, diffamant, ou pornographique, quel que soit le support utilis&eacute; (texte, photographie...).</span></p>\n\n<h4 style=\"text-align:justify\"><br />\n7. Gestion des donn&eacute;es personnelles</h4>\n\n<p style=\"text-align:justify\"><br />\n<span style=\"font-size:12px\">En France, les donn&eacute;es personnelles sont notamment prot&eacute;g&eacute;es par la <strong>loi n&deg; 78-87 du 6 janvier 1978</strong>, la <strong>loi n&deg; 2004-801 du 6 ao&ucirc;t 2004</strong>, <strong>l&#39;article L. 226-13 du Code p&eacute;nal et la Directive Europ&eacute;enne du 24 octobre 1995</strong>.<br />\nA l&#39;occasion de l&#39;utilisation du site patishopper.com, peuvent &ecirc;tre recueillies : l&#39;URL des liens par l&#39;interm&eacute;diaire desquels l&#39;utilisateur a acc&eacute;d&eacute; au site patishopper.com, le fournisseur d&#39;acc&egrave;s de l&#39;utilisateur, l&#39;adresse de protocole Internet (IP) de l&#39;utilisateur.<br />\nEn tout &eacute;tat de cause Patishopper ne collecte des informations personnelles relatives &agrave; l&#39;utilisateur que pour le besoin de certains services propos&eacute;s par le site patishopper.com. L&#39;utilisateur fournit ces informations en toute connaissance de cause, notamment lorsqu&#39;il proc&egrave;de par lui-m&ecirc;me &agrave; leur saisie. Il est alors pr&eacute;cis&eacute; &agrave; l&#39;utilisateur du site patishopper.com l&rsquo;obligation ou non de fournir ces informations.<br />\nConform&eacute;ment aux dispositions des articles 38 et suivants de la loi 78-17 du 6 janvier 1978 relative &agrave; l&rsquo;informatique, aux fichiers et aux libert&eacute;s, tout utilisateur dispose d&rsquo;un droit d&rsquo;acc&egrave;s, de rectification et d&rsquo;opposition aux donn&eacute;es personnelles le concernant, en effectuant sa demande &eacute;crite et sign&eacute;e, accompagn&eacute;e d&rsquo;une copie du titre d&rsquo;identit&eacute; avec signature du titulaire de la pi&egrave;ce, en pr&eacute;cisant l&rsquo;adresse &agrave; laquelle la r&eacute;ponse doit &ecirc;tre envoy&eacute;e.<br />\nAucune information personnelle de l&#39;utilisateur du site patishopper.com n&#39;est publi&eacute;e &agrave; l&#39;insu de l&#39;utilisateur, &eacute;chang&eacute;e, transf&eacute;r&eacute;e, c&eacute;d&eacute;e ou vendue sur un support quelconque &agrave; des tiers. Seule l&#39;hypoth&egrave;se du rachat de Patishopper et de ses droits permettrait la transmission des dites informations &agrave; l&#39;&eacute;ventuel acqu&eacute;reur qui serait &agrave; son tour tenu de la m&ecirc;me obligation de conservation et de modification des donn&eacute;es vis &agrave; vis de l&#39;utilisateur du site patishopper.com.<br />\nLe site n&#39;est pas d&eacute;clar&eacute; &agrave; la CNIL car il ne recueille pas d&#39;informations personnelles.<br />\nLes bases de donn&eacute;es sont prot&eacute;g&eacute;es par les dispositions de la loi du 1er juillet 1998 transposant la directive 96/9 du 11 mars 1996 relative &agrave; la protection juridique des bases de donn&eacute;es.</span></p>\n\n<h4 style=\"text-align:justify\"><br />\n8. Liens hypertextes et cookies</h4>\n\n<p style=\"text-align:justify\"><br />\n<span style=\"font-size:12px\">Le site patishopper.com contient un certain nombre de liens hypertextes vers d&rsquo;autres sites, mis en place avec l&rsquo;autorisation de Patishopper. Cependant, Patishopper n&rsquo;a pas la possibilit&eacute; de v&eacute;rifier le contenu des sites ainsi visit&eacute;s, et n&rsquo;assumera en cons&eacute;quence aucune responsabilit&eacute; de ce fait.</span></p>\n\n<p style=\"text-align:justify\"><span style=\"font-size:12px\">La navigation sur le site patishopper.com est susceptible de provoquer l&rsquo;installation de cookie(s) sur l&rsquo;ordinateur de l&rsquo;utilisateur. Un cookie est un fichier de petite taille, qui ne permet pas l&rsquo;identification de l&rsquo;utilisateur, mais qui enregistre des informations relatives &agrave; la navigation d&rsquo;un ordinateur sur un site. Les donn&eacute;es ainsi obtenues visent &agrave; faciliter la navigation ult&eacute;rieure sur le site, et ont &eacute;galement vocation &agrave; permettre diverses mesures de fr&eacute;quentation.</span></p>\n\n<p style=\"text-align:justify\"><span style=\"font-size:12px\">Le refus d&rsquo;installation d&rsquo;un cookie peut entra&icirc;ner l&rsquo;impossibilit&eacute; d&rsquo;acc&eacute;der &agrave; certains services. L&rsquo;utilisateur peut toutefois configurer son ordinateur de la mani&egrave;re suivante, pour refuser l&rsquo;installation des cookies :</span></p>\n\n<p style=\"text-align:justify\"><span style=\"font-size:12px\">Sous Internet Explorer : onglet outil (pictogramme en forme de rouage en haut a droite) / options internet. Cliquez sur Confidentialit&eacute; et choisissez Bloquer tous les cookies. Validez sur Ok.</span></p>\n\n<p style=\"text-align:justify\"><span style=\"font-size:12px\">Sous Firefox : en haut de la fen&ecirc;tre du navigateur, cliquez sur le bouton Firefox, puis aller dans l&#39;onglet Options. Cliquer sur l&#39;onglet Vie priv&eacute;e. Param&eacute;trez les R&egrave;gles de conservation sur : utiliser les param&egrave;tres personnalis&eacute;s pour l&#39;historique. Enfin d&eacute;cochez-la pour d&eacute;sactiver les cookies.</span></p>\n\n<p style=\"text-align:justify\"><span style=\"font-size:12px\">Sous Safari : Cliquez en haut &agrave; droite du navigateur sur le pictogramme de menu (symbolis&eacute; par un rouage). S&eacute;lectionnez Param&egrave;tres. Cliquez sur Afficher les param&egrave;tres avanc&eacute;s. Dans la section &quot;Confidentialit&eacute;&quot;, cliquez sur Param&egrave;tres de contenu. Dans la section &quot;Cookies&quot;, vous pouvez bloquer les cookies.</span></p>\n\n<p style=\"text-align:justify\"><span style=\"font-size:12px\">Sous Chrome : Cliquez en haut &agrave; droite du navigateur sur le pictogramme de menu (symbolis&eacute; par trois lignes horizontales). S&eacute;lectionnez Param&egrave;tres. Cliquez sur Afficher les param&egrave;tres avanc&eacute;s. Dans la section &quot;Confidentialit&eacute;&quot;, cliquez sur pr&eacute;f&eacute;rences. Dans l&#39;onglet &quot;Confidentialit&eacute;&quot;, vous pouvez bloquer les cookies.</span></p>\n\n<h4 style=\"text-align:justify\">&nbsp;</h4>\n\n<h4 style=\"text-align:justify\">9. Droit applicable et attribution de juridiction</h4>\n\n<p style=\"text-align:justify\"><br />\n<span style=\"font-size:12px\">Tout litige en relation avec l&rsquo;utilisation du site patishopper.com est soumis au droit fran&ccedil;ais. Il est fait attribution exclusive de juridiction aux tribunaux comp&eacute;tents de Paris.</span></p>\n\n<h4 style=\"text-align:justify\">&nbsp;</h4>\n\n<h4 style=\"text-align:justify\">10. Les principales lois concern&eacute;es</h4>\n\n<p style=\"text-align:justify\"><span style=\"font-size:12px\"><strong>Loi n&deg; 78-17 du 6 janvier 1978</strong>, notamment modifi&eacute;e par la <strong>loi n&deg; 2004-801 du 6 ao&ucirc;t 2004</strong> relative &agrave; l&#39;informatique, aux fichiers et aux libert&eacute;s.<br />\n<strong>Loi n&deg; 2004-575 du 21 juin 2004</strong> pour la confiance dans l&#39;&eacute;conomie num&eacute;rique.</span></p>\n\n<h4 style=\"text-align:justify\"><br />\n11. Lexique</h4>\n\n<p style=\"text-align:justify\"><br />\n<span style=\"font-size:12px\"><em>Utilisateur</em><strong> </strong>: Internaute se connectant, utilisant le site susnomm&eacute;.</span></p>\n\n<p style=\"text-align:justify\"><span style=\"font-size:12px\">I<em>nformations personnelles</em> : &laquo; les informations qui permettent, sous quelque forme que ce soit, directement ou non, l&#39;identification des personnes physiques auxquelles elles s&#39;appliquent &raquo; (<strong>article 4 de la loi n&deg; 78-17 du 6 janvier 1978</strong>).</span></p>\n\n<h4 style=\"text-align:justify\">&nbsp;</h4>\n', 'mentions-legales', '2018-07-22 11:02:41', 0, 1, 0, 2, 1, NULL, '2018-07-22 09:02:41', '2018-07-22 10:22:18');

COMMIT;


-- -----------------------------------------------------
-- Data for table `patishopper`.`category`
-- -----------------------------------------------------
START TRANSACTION;
USE `patishopper`;
INSERT INTO `patishopper`.`category` (`id`, `name`, `slug`, `description`, `type`, `category_id`, `created_at`, `updated_at`) VALUES (1, 'Beignet', 'beignet', 'NULL', 1, NULL, '2018-05-21 20:24:33', '2018-07-02 18:32:26');
INSERT INTO `patishopper`.`category` (`id`, `name`, `slug`, `description`, `type`, `category_id`, `created_at`, `updated_at`) VALUES (2, 'Biscuit', 'biscuit', 'NULL', 1, NULL, '2018-05-21 20:24:57', '2018-07-11 23:12:46');
INSERT INTO `patishopper`.`category` (`id`, `name`, `slug`, `description`, `type`, `category_id`, `created_at`, `updated_at`) VALUES (3, 'Brioche', 'brioche', 'NULL', 1, NULL, '2018-05-21 20:24:57', '2018-07-11 23:12:35');
INSERT INTO `patishopper`.`category` (`id`, `name`, `slug`, `description`, `type`, `category_id`, `created_at`, `updated_at`) VALUES (4, 'Crêpe', 'crepe', 'NULL', 2, NULL, '2018-05-28 20:24:57', '2018-07-02 23:28:36');
INSERT INTO `patishopper`.`category` (`id`, `name`, `slug`, `description`, `type`, `category_id`, `created_at`, `updated_at`) VALUES (5, 'Gâteau', 'gateau', 'NULL', 2, NULL, '2018-06-01 12:18:05', '2018-07-02 23:28:18');
INSERT INTO `patishopper`.`category` (`id`, `name`, `slug`, `description`, `type`, `category_id`, `created_at`, `updated_at`) VALUES (6, 'Gaufre', 'gaufre', 'NULL', 1, NULL, '2018-06-01 12:18:05', '2018-07-02 18:32:37');
INSERT INTO `patishopper`.`category` (`id`, `name`, `slug`, `description`, `type`, `category_id`, `created_at`, `updated_at`) VALUES (7, 'Tartre sucrée', 'tartre-sucree', 'NULL', 2, NULL, '2018-06-01 12:18:05', '2018-07-03 19:14:39');
INSERT INTO `patishopper`.`category` (`id`, `name`, `slug`, `description`, `type`, `category_id`, `created_at`, `updated_at`) VALUES (8, 'Bajadera', 'bajadera', 'NULL', 2, NULL, '2018-06-01 12:18:05', '2018-07-03 19:16:35');
INSERT INTO `patishopper`.`category` (`id`, `name`, `slug`, `description`, `type`, `category_id`, `created_at`, `updated_at`) VALUES (9, 'Bagel', 'bagel', 'NULL', 2, NULL, '2018-06-01 12:18:05', '2018-07-03 19:14:45');
INSERT INTO `patishopper`.`category` (`id`, `name`, `slug`, `description`, `type`, `category_id`, `created_at`, `updated_at`) VALUES (10, 'Entartage', 'entartage', 'NULL', 2, NULL, '2018-06-01 12:18:05', '2018-07-03 19:16:04');
INSERT INTO `patishopper`.`category` (`id`, `name`, `slug`, `description`, `type`, `category_id`, `created_at`, `updated_at`) VALUES (11, 'Friand', 'friand', 'Description', 1, NULL, '2018-06-01 12:18:05', '2018-07-02 22:21:32');
INSERT INTO `patishopper`.`category` (`id`, `name`, `slug`, `description`, `type`, `category_id`, `created_at`, `updated_at`) VALUES (12, 'Gujia', 'gujia', 'NULL', 2, NULL, '2018-06-01 12:18:05', '2018-07-03 19:16:56');
INSERT INTO `patishopper`.`category` (`id`, `name`, `slug`, `description`, `type`, `category_id`, `created_at`, `updated_at`) VALUES (13, 'Moka', 'moka', 'NULL', 1, NULL, '2018-06-01 12:18:05', '2018-07-11 23:11:06');
INSERT INTO `patishopper`.`category` (`id`, `name`, `slug`, `description`, `type`, `category_id`, `created_at`, `updated_at`) VALUES (14, 'Miguelitos', 'miguelitos', 'NULL', 1, NULL, '2018-06-01 12:18:05', '2018-07-11 23:11:22');
INSERT INTO `patishopper`.`category` (`id`, `name`, `slug`, `description`, `type`, `category_id`, `created_at`, `updated_at`) VALUES (15, 'Mont-blanc', 'mont-blanc', 'NULL', 2, NULL, '2018-06-01 12:18:05', '2018-07-03 19:17:17');
INSERT INTO `patishopper`.`category` (`id`, `name`, `slug`, `description`, `type`, `category_id`, `created_at`, `updated_at`) VALUES (16, 'Pain au lait', 'pain-au-lait', 'NULL', 1, NULL, '2018-06-01 12:18:05', '2018-07-11 23:11:40');
INSERT INTO `patishopper`.`category` (`id`, `name`, `slug`, `description`, `type`, `category_id`, `created_at`, `updated_at`) VALUES (17, 'Petit à choux', 'petit-a-choux', 'NULL', 1, NULL, '2018-06-01 12:18:05', '2018-07-11 23:12:00');
INSERT INTO `patishopper`.`category` (`id`, `name`, `slug`, `description`, `type`, `category_id`, `created_at`, `updated_at`) VALUES (18, 'Queues de castor', 'queues-de-castor', 'NULL', 1, NULL, '2018-06-01 12:18:05', '2018-07-11 23:12:10');
INSERT INTO `patishopper`.`category` (`id`, `name`, `slug`, `description`, `type`, `category_id`, `created_at`, `updated_at`) VALUES (19, 'Royal', 'royal', 'NULL', 1, NULL, '2018-06-01 12:18:05', '2018-07-11 23:12:22');
INSERT INTO `patishopper`.`category` (`id`, `name`, `slug`, `description`, `type`, `category_id`, `created_at`, `updated_at`) VALUES (20, 'Savarin', 'savarin', 'NULL', 2, NULL, '2018-06-01 12:18:05', '2018-07-03 19:18:04');
INSERT INTO `patishopper`.`category` (`id`, `name`, `slug`, `description`, `type`, `category_id`, `created_at`, `updated_at`) VALUES (21, 'Streusel', 'streusel', 'NULL', 2, NULL, '2018-06-01 12:18:05', '2018-07-03 19:17:27');
INSERT INTO `patishopper`.`category` (`id`, `name`, `slug`, `description`, `type`, `category_id`, `created_at`, `updated_at`) VALUES (22, 'Trdelník', 'trdelnik', 'NULL', 2, NULL, '2018-06-01 12:18:05', '2018-07-03 19:17:31');
INSERT INTO `patishopper`.`category` (`id`, `name`, `slug`, `description`, `type`, `category_id`, `created_at`, `updated_at`) VALUES (23, 'Twinkie', 'twinkie', 'NULL', 2, NULL, '2018-06-01 12:18:05', '2018-07-03 19:17:34');
INSERT INTO `patishopper`.`category` (`id`, `name`, `slug`, `description`, `type`, `category_id`, `created_at`, `updated_at`) VALUES (24, 'Viennoiserie', 'viennoiserie', 'NULL', 1, NULL, '2018-06-01 12:18:05', '2018-07-11 22:46:57');

COMMIT;


-- -----------------------------------------------------
-- Data for table `patishopper`.`product`
-- -----------------------------------------------------
START TRANSACTION;
USE `patishopper`;
INSERT INTO `patishopper`.`product` (`id`, `name`, `slug`, `trash`, `description`, `stock`, `price`, `user_id`, `attachment_id`, `created_at`, `updated_at`) VALUES (1, 'Los Biscuits Straightjacket!', 'los-biscuits-straightjacket-', 0, '<p>Description 1</p>\r\n', 100, 4.5, 1, 14, '2018-06-20 12:21:14', '2018-07-03 20:21:21');
INSERT INTO `patishopper`.`product` (`id`, `name`, `slug`, `trash`, `description`, `stock`, `price`, `user_id`, `attachment_id`, `created_at`, `updated_at`) VALUES (2, 'Gâteau de mariage Mr and Mrs', 'gateau-de-mariage-mr-and-mrs-', 0, '<p>Description 2</p>\r\n', 200, 2.5, 1, 5, '2018-06-20 12:21:14', '2018-07-03 20:20:17');
INSERT INTO `patishopper`.`product` (`id`, `name`, `slug`, `trash`, `description`, `stock`, `price`, `user_id`, `attachment_id`, `created_at`, `updated_at`) VALUES (3, 'Gâteau de mariage fleur fondant', 'gateau-de-mariage-fleur-fondant', 0, '<p>Description 3</p>\r\n', 26, 3.5, 1, 11, '2018-06-20 12:23:10', '2018-07-03 20:22:16');
INSERT INTO `patishopper`.`product` (`id`, `name`, `slug`, `trash`, `description`, `stock`, `price`, `user_id`, `attachment_id`, `created_at`, `updated_at`) VALUES (4, 'Macarons', 'macarons', 0, '<p>Description 4</p>\r\n', 25, 4.5, 1, 10, '2018-06-20 12:23:49', '2018-07-03 20:22:39');
INSERT INTO `patishopper`.`product` (`id`, `name`, `slug`, `trash`, `description`, `stock`, `price`, `user_id`, `attachment_id`, `created_at`, `updated_at`) VALUES (5, 'Singe avec des bananes', 'singe-avec-des-bananes', 0, '<p>Description 5</p>\r\n', 35, 1.5, 1, 12, '2018-06-20 12:24:41', '2018-07-03 20:21:11');
INSERT INTO `patishopper`.`product` (`id`, `name`, `slug`, `trash`, `description`, `stock`, `price`, `user_id`, `attachment_id`, `created_at`, `updated_at`) VALUES (6, 'Napoliens', 'napoliens', 0, '<p>Description 7</p>\r\n', 55, 2.5, 1, 8, '2018-06-20 12:25:26', '2018-07-03 20:20:55');
INSERT INTO `patishopper`.`product` (`id`, `name`, `slug`, `trash`, `description`, `stock`, `price`, `user_id`, `attachment_id`, `created_at`, `updated_at`) VALUES (7, 'Gâteau de canard', 'gateau-de-canard', 0, '<p>Description 8</p>\r\n', 87, 2, 1, 7, '2018-06-20 12:26:24', '2018-07-03 20:20:38');
INSERT INTO `patishopper`.`product` (`id`, `name`, `slug`, `trash`, `description`, `stock`, `price`, `user_id`, `attachment_id`, `created_at`, `updated_at`) VALUES (8, 'Cannolis', 'cannolis', 0, '<p>Description 9</p>\r\n', 88, 8.5, 1, 3, '2018-06-20 12:28:02', '2018-07-03 20:20:03');
INSERT INTO `patishopper`.`product` (`id`, `name`, `slug`, `trash`, `description`, `stock`, `price`, `user_id`, `attachment_id`, `created_at`, `updated_at`) VALUES (9, 'éclairs au chocolat', 'eclairs-au-chocolat-1', 0, '<p>Description 10</p>\r\n', 78, 6.5, 1, 6, '2018-06-20 12:28:36', '2018-07-03 20:20:28');
INSERT INTO `patishopper`.`product` (`id`, `name`, `slug`, `trash`, `description`, `stock`, `price`, `user_id`, `attachment_id`, `created_at`, `updated_at`) VALUES (16, 'éclairs au chocolatt', 'eclairs-au-chocolat', 0, '', 1000, 10, 1, 2, '2018-07-02 22:25:13', '2018-07-03 19:23:05');

COMMIT;


-- -----------------------------------------------------
-- Data for table `patishopper`.`comment`
-- -----------------------------------------------------
START TRANSACTION;
USE `patishopper`;
INSERT INTO `patishopper`.`comment` (`id`, `content`, `status`, `user_id`, `post_id`, `product_id`, `comment_id`, `created_at`, `updated_at`) VALUES (1, 'Très bon produit. Je recommande !', '0', 1, NULL, 9, NULL, '2018-07-01 08:17:13', '2018-07-04 20:33:38');
INSERT INTO `patishopper`.`comment` (`id`, `content`, `status`, `user_id`, `post_id`, `product_id`, `comment_id`, `created_at`, `updated_at`) VALUES (2, 'Je n\'ai jamais eu autant de plaisir dans ma vie. C\'est un produit de bon goût.', '0', 1, NULL, 9, NULL, '2018-07-01 09:47:07', '2018-07-04 20:33:41');
INSERT INTO `patishopper`.`comment` (`id`, `content`, `status`, `user_id`, `post_id`, `product_id`, `comment_id`, `created_at`, `updated_at`) VALUES (3, 'Je suis un peut déçu de ce produit même s\'il a pu être apprécié de mes parents.', '0', 1, NULL, 9, NULL, '2018-07-01 10:16:56', '2018-07-04 20:33:42');
INSERT INTO `patishopper`.`comment` (`id`, `content`, `status`, `user_id`, `post_id`, `product_id`, `comment_id`, `created_at`, `updated_at`) VALUES (4, 'Je sais que c\'est bon maknt', '0', 1, NULL, 1, NULL, '2018-07-07 21:38:20', '2018-07-07 21:38:20');
INSERT INTO `patishopper`.`comment` (`id`, `content`, `status`, `user_id`, `post_id`, `product_id`, `comment_id`, `created_at`, `updated_at`) VALUES (18, 'Nous avons pu faire nos preuves dans ce pays.', '1', 1, 4, NULL, NULL, '2018-07-07 23:04:42', '2018-07-07 23:22:57');
INSERT INTO `patishopper`.`comment` (`id`, `content`, `status`, `user_id`, `post_id`, `product_id`, `comment_id`, `created_at`, `updated_at`) VALUES (19, 'Pour avoir géré des clients pendant 8 ans je me suis rendu compte d’un truc qui revenait très souvent : les budgets étant toujours limités, le client passe généralement tout dans la partie « technique » du site et très peu dans la partie la plus importante : le wekmarketing comme tu dis.\r\n\r\nDu coup ils peuvent avoir le meilleur site possible en terme de technique, mais personne pour le voir et pas de résultats. Il sera donc difficile de juger la valeur ajoutée au projet, d’où la réticence pour beaucoup pour appliquer la facturation à la valeur.\r\n\r\nJ’ajouterais que pour tout projet il ne faut pas laisser le client arriver avec un cahier des charges. Un brief tout au plus, ok, mais le cahier des charges se construit entre le prestataire et le client, pour définir les objectifs en mettant en commun les compétences de chacun.', '1', 1, 4, NULL, NULL, '2018-07-07 23:05:39', '2018-07-08 00:12:08');
INSERT INTO `patishopper`.`comment` (`id`, `content`, `status`, `user_id`, `post_id`, `product_id`, `comment_id`, `created_at`, `updated_at`) VALUES (20, 'Salut Maxime,\r\nJe rebondis sur ta remarque concernant le cahier des charges.\r\nSachant que le cahier des charges de certains projets peut prendre plusieurs jours à être conçu et que celui-ci est nécessaire pour arrêter un devis chiffré précis, comment gères-tu les nombreux prospects qui veulent « savoir le prix » si tu ne leur impose pas de donner un cahier des charges, au préalable, pour pouvoir répondre à cette question ?\r\nBref, la manière dont tu as procédé pendant 8 ans ne me saute pas aux yeux, et pourtant, elle m’intéresse ! \r\nNico', '0', 1, 4, NULL, NULL, '2018-07-07 23:05:39', '2018-07-08 10:52:46');
INSERT INTO `patishopper`.`comment` (`id`, `content`, `status`, `user_id`, `post_id`, `product_id`, `comment_id`, `created_at`, `updated_at`) VALUES (21, 'Merci. Je vois.\r\n\r\nPour ceux qui auraient la flemme de lire cette landing page en anglais, je vous résume.\r\n\r\nL’idée est la suivante :\r\n\r\nAu lieu de proposer des devis + cahier des charges gratuits à tout-va,\r\npour augmenter son taux de transformation il serait plus rentable de proposer, à la place, la création (payante) d’un cahier des charges / + préconisations…\r\nCela permettrait de filtrer les indécis et vous ferait passer du statut de technicien (simple exécutant qui n’est payé « que » pour la création du site) à celui de consultant (qui établi le cahier des charges chiffré, libre au client, ensuite, de faire réaliser le site par quelqu’un d’autre).\r\n\r\nDans le concret, il va de soi que cela fonctionne pour les gros projets pour lesquels la plupart des autres agences ne prendraient pas le temps de remettre une offre gratuitement. Si vous demandez à être payé pour remettre prix pour un site vitrine ou une boutique, vous risquez fort de vous faire envoyer sur les roses.\r\n<script>alert(\'Il y a une faille XSS\')</script>', '1', 1, 4, NULL, 18, '2018-07-08 00:32:45', '2018-07-08 01:02:42');
INSERT INTO `patishopper`.`comment` (`id`, `content`, `status`, `user_id`, `post_id`, `product_id`, `comment_id`, `created_at`, `updated_at`) VALUES (45, 'Notre commentaire sur cet article est bien je le pense vraiment !', '0', 1, 10, NULL, NULL, '2018-07-08 16:51:34', '2018-07-08 16:51:34');

COMMIT;


-- -----------------------------------------------------
-- Data for table `patishopper`.`post_has_category`
-- -----------------------------------------------------
START TRANSACTION;
USE `patishopper`;
INSERT INTO `patishopper`.`post_has_category` (`post_id`, `category_id`, `created_at`, `updated_at`) VALUES (2, 1, '2018-05-21 20:25:32', '2018-07-11 22:27:05');
INSERT INTO `patishopper`.`post_has_category` (`post_id`, `category_id`, `created_at`, `updated_at`) VALUES (2, 3, '2018-05-21 20:31:59', '2018-07-11 22:27:05');
INSERT INTO `patishopper`.`post_has_category` (`post_id`, `category_id`, `created_at`, `updated_at`) VALUES (3, 1, '2018-07-11 23:08:36', '2018-07-11 23:08:38');
INSERT INTO `patishopper`.`post_has_category` (`post_id`, `category_id`, `created_at`, `updated_at`) VALUES (3, 6, '2018-07-11 23:08:36', '2018-07-11 23:08:38');
INSERT INTO `patishopper`.`post_has_category` (`post_id`, `category_id`, `created_at`, `updated_at`) VALUES (3, 13, '2018-07-11 23:08:36', '2018-07-11 23:08:38');
INSERT INTO `patishopper`.`post_has_category` (`post_id`, `category_id`, `created_at`, `updated_at`) VALUES (3, 14, '2018-07-11 23:08:36', '2018-07-11 23:08:38');
INSERT INTO `patishopper`.`post_has_category` (`post_id`, `category_id`, `created_at`, `updated_at`) VALUES (3, 16, '2018-07-11 23:08:36', '2018-07-11 23:08:38');
INSERT INTO `patishopper`.`post_has_category` (`post_id`, `category_id`, `created_at`, `updated_at`) VALUES (3, 17, '2018-07-11 23:08:36', '2018-07-11 23:08:38');
INSERT INTO `patishopper`.`post_has_category` (`post_id`, `category_id`, `created_at`, `updated_at`) VALUES (3, 24, '2018-07-11 23:08:36', '2018-07-11 23:08:38');
INSERT INTO `patishopper`.`post_has_category` (`post_id`, `category_id`, `created_at`, `updated_at`) VALUES (4, 2, '2018-05-21 20:29:52', '2018-05-21 20:29:52');
INSERT INTO `patishopper`.`post_has_category` (`post_id`, `category_id`, `created_at`, `updated_at`) VALUES (5, 1, '2018-07-11 23:07:47', '2018-07-11 23:07:47');
INSERT INTO `patishopper`.`post_has_category` (`post_id`, `category_id`, `created_at`, `updated_at`) VALUES (5, 2, '2018-07-11 23:07:47', '2018-07-11 23:07:47');
INSERT INTO `patishopper`.`post_has_category` (`post_id`, `category_id`, `created_at`, `updated_at`) VALUES (5, 3, '2018-07-11 23:07:47', '2018-07-11 23:07:47');
INSERT INTO `patishopper`.`post_has_category` (`post_id`, `category_id`, `created_at`, `updated_at`) VALUES (5, 6, '2018-07-11 23:07:47', '2018-07-11 23:07:47');
INSERT INTO `patishopper`.`post_has_category` (`post_id`, `category_id`, `created_at`, `updated_at`) VALUES (5, 11, '2018-07-11 23:07:47', '2018-07-11 23:07:47');
INSERT INTO `patishopper`.`post_has_category` (`post_id`, `category_id`, `created_at`, `updated_at`) VALUES (5, 13, '2018-07-11 23:07:47', '2018-07-11 23:07:47');
INSERT INTO `patishopper`.`post_has_category` (`post_id`, `category_id`, `created_at`, `updated_at`) VALUES (5, 14, '2018-07-11 23:07:47', '2018-07-11 23:07:47');
INSERT INTO `patishopper`.`post_has_category` (`post_id`, `category_id`, `created_at`, `updated_at`) VALUES (5, 17, '2018-07-11 23:07:47', '2018-07-11 23:07:47');
INSERT INTO `patishopper`.`post_has_category` (`post_id`, `category_id`, `created_at`, `updated_at`) VALUES (5, 18, '2018-07-11 23:07:47', '2018-07-11 23:07:47');
INSERT INTO `patishopper`.`post_has_category` (`post_id`, `category_id`, `created_at`, `updated_at`) VALUES (5, 24, '2018-07-11 23:07:47', '2018-07-11 23:07:47');
INSERT INTO `patishopper`.`post_has_category` (`post_id`, `category_id`, `created_at`, `updated_at`) VALUES (9, 3, '2018-07-11 23:07:59', '2018-07-11 23:08:07');
INSERT INTO `patishopper`.`post_has_category` (`post_id`, `category_id`, `created_at`, `updated_at`) VALUES (9, 6, '2018-07-11 23:07:59', '2018-07-11 23:08:07');
INSERT INTO `patishopper`.`post_has_category` (`post_id`, `category_id`, `created_at`, `updated_at`) VALUES (9, 11, '2018-07-11 23:07:59', '2018-07-11 23:08:07');
INSERT INTO `patishopper`.`post_has_category` (`post_id`, `category_id`, `created_at`, `updated_at`) VALUES (9, 13, '2018-07-11 23:07:59', '2018-07-11 23:08:07');
INSERT INTO `patishopper`.`post_has_category` (`post_id`, `category_id`, `created_at`, `updated_at`) VALUES (9, 14, '2018-07-11 23:07:59', '2018-07-11 23:08:07');
INSERT INTO `patishopper`.`post_has_category` (`post_id`, `category_id`, `created_at`, `updated_at`) VALUES (9, 16, '2018-07-11 23:07:59', '2018-07-11 23:08:07');
INSERT INTO `patishopper`.`post_has_category` (`post_id`, `category_id`, `created_at`, `updated_at`) VALUES (9, 17, '2018-07-11 23:07:59', '2018-07-11 23:08:07');
INSERT INTO `patishopper`.`post_has_category` (`post_id`, `category_id`, `created_at`, `updated_at`) VALUES (9, 18, '2018-07-11 23:07:59', '2018-07-11 23:08:07');
INSERT INTO `patishopper`.`post_has_category` (`post_id`, `category_id`, `created_at`, `updated_at`) VALUES (9, 19, '2018-07-11 23:07:59', '2018-07-11 23:08:07');
INSERT INTO `patishopper`.`post_has_category` (`post_id`, `category_id`, `created_at`, `updated_at`) VALUES (9, 24, '2018-07-11 23:07:59', '2018-07-11 23:08:07');
INSERT INTO `patishopper`.`post_has_category` (`post_id`, `category_id`, `created_at`, `updated_at`) VALUES (11, 1, '2018-07-11 23:07:34', '2018-07-11 23:07:34');
INSERT INTO `patishopper`.`post_has_category` (`post_id`, `category_id`, `created_at`, `updated_at`) VALUES (11, 6, '2018-07-11 23:07:34', '2018-07-11 23:07:34');
INSERT INTO `patishopper`.`post_has_category` (`post_id`, `category_id`, `created_at`, `updated_at`) VALUES (11, 11, '2018-07-11 22:30:30', '2018-07-11 23:07:34');
INSERT INTO `patishopper`.`post_has_category` (`post_id`, `category_id`, `created_at`, `updated_at`) VALUES (11, 13, '2018-07-11 22:30:44', '2018-07-11 23:07:34');
INSERT INTO `patishopper`.`post_has_category` (`post_id`, `category_id`, `created_at`, `updated_at`) VALUES (11, 16, '2018-07-11 22:30:44', '2018-07-11 23:07:34');
INSERT INTO `patishopper`.`post_has_category` (`post_id`, `category_id`, `created_at`, `updated_at`) VALUES (11, 24, '2018-07-11 22:46:01', '2018-07-11 23:07:34');

COMMIT;


-- -----------------------------------------------------
-- Data for table `patishopper`.`setting`
-- -----------------------------------------------------
START TRANSACTION;
USE `patishopper`;
INSERT INTO `patishopper`.`setting` (`id`, `name`, `value`, `created_at`, `updated_at`) VALUES (1, 'image_width', '90000000', '2018-04-24 06:39:07', '2018-05-15 11:55:26');
INSERT INTO `patishopper`.`setting` (`id`, `name`, `value`, `created_at`, `updated_at`) VALUES (2, 'site_name', 'Patishopper', '2018-04-24 11:41:00', '2018-05-15 12:06:14');
INSERT INTO `patishopper`.`setting` (`id`, `name`, `value`, `created_at`, `updated_at`) VALUES (6, 'image_height', '4000000', '2018-05-10 20:26:12', '2018-05-15 11:55:18');
INSERT INTO `patishopper`.`setting` (`id`, `name`, `value`, `created_at`, `updated_at`) VALUES (7, 'slogan', 'slogaann', '2018-05-10 20:35:33', '2018-05-15 12:06:14');
INSERT INTO `patishopper`.`setting` (`id`, `name`, `value`, `created_at`, `updated_at`) VALUES (8, 'logo', '/public/images/front/orange_logo.svg', '2018-05-10 20:37:03', '2018-05-10 20:37:03');
INSERT INTO `patishopper`.`setting` (`id`, `name`, `value`, `created_at`, `updated_at`) VALUES (9, 'homepage', 'Accueil', '2018-05-13 16:03:08', '2018-05-15 09:53:39');
INSERT INTO `patishopper`.`setting` (`id`, `name`, `value`, `created_at`, `updated_at`) VALUES (15, 'theme_back', 'orange', '2018-05-15 10:33:51', '2018-05-29 02:46:00');
INSERT INTO `patishopper`.`setting` (`id`, `name`, `value`, `created_at`, `updated_at`) VALUES (16, 'theme_front', 'orange', '2018-05-15 10:34:02', '2018-05-16 14:11:18');

COMMIT;


-- -----------------------------------------------------
-- Data for table `patishopper`.`user_role_capability`
-- -----------------------------------------------------
START TRANSACTION;
USE `patishopper`;
INSERT INTO `patishopper`.`user_role_capability` (`id`, `can_comment`, `can_order`, `can_edit_attachment`, `can_edit_content`, `can_edit_product`, `can_edit_setting`, `user_type_id`, `created_at`, `updated_at`) VALUES (1, 0, 1, 1, 1, 1, 1, 1, '2018-04-23 11:59:55', '2018-04-23 11:59:55');

COMMIT;


-- -----------------------------------------------------
-- Data for table `patishopper`.`product_has_category`
-- -----------------------------------------------------
START TRANSACTION;
USE `patishopper`;
INSERT INTO `patishopper`.`product_has_category` (`product_id`, `category_id`, `created_at`, `updated_at`) VALUES (1, 5, '2018-07-03 20:21:21', '2018-07-03 20:21:21');
INSERT INTO `patishopper`.`product_has_category` (`product_id`, `category_id`, `created_at`, `updated_at`) VALUES (1, 8, '2018-07-03 20:21:21', '2018-07-03 20:21:21');
INSERT INTO `patishopper`.`product_has_category` (`product_id`, `category_id`, `created_at`, `updated_at`) VALUES (3, 7, '2018-07-03 20:22:21', '2018-07-03 20:22:21');
INSERT INTO `patishopper`.`product_has_category` (`product_id`, `category_id`, `created_at`, `updated_at`) VALUES (3, 10, '2018-07-03 20:22:21', '2018-07-03 20:22:21');
INSERT INTO `patishopper`.`product_has_category` (`product_id`, `category_id`, `created_at`, `updated_at`) VALUES (3, 15, '2018-07-03 20:22:21', '2018-07-03 20:22:21');
INSERT INTO `patishopper`.`product_has_category` (`product_id`, `category_id`, `created_at`, `updated_at`) VALUES (3, 23, '2018-07-03 20:22:21', '2018-07-03 20:22:21');
INSERT INTO `patishopper`.`product_has_category` (`product_id`, `category_id`, `created_at`, `updated_at`) VALUES (4, 12, '2018-07-03 20:22:39', '2018-07-03 20:32:52');
INSERT INTO `patishopper`.`product_has_category` (`product_id`, `category_id`, `created_at`, `updated_at`) VALUES (4, 15, '2018-07-03 20:22:39', '2018-07-03 20:32:52');
INSERT INTO `patishopper`.`product_has_category` (`product_id`, `category_id`, `created_at`, `updated_at`) VALUES (4, 20, '2018-07-03 20:22:39', '2018-07-03 20:32:52');
INSERT INTO `patishopper`.`product_has_category` (`product_id`, `category_id`, `created_at`, `updated_at`) VALUES (4, 21, '2018-07-03 20:22:39', '2018-07-03 20:32:52');
INSERT INTO `patishopper`.`product_has_category` (`product_id`, `category_id`, `created_at`, `updated_at`) VALUES (4, 22, '2018-07-03 20:22:39', '2018-07-03 20:32:52');
INSERT INTO `patishopper`.`product_has_category` (`product_id`, `category_id`, `created_at`, `updated_at`) VALUES (5, 4, '2018-07-03 20:21:07', '2018-07-03 20:21:11');
INSERT INTO `patishopper`.`product_has_category` (`product_id`, `category_id`, `created_at`, `updated_at`) VALUES (5, 5, '2018-07-03 20:21:07', '2018-07-03 20:21:11');
INSERT INTO `patishopper`.`product_has_category` (`product_id`, `category_id`, `created_at`, `updated_at`) VALUES (5, 7, '2018-07-03 20:21:07', '2018-07-03 20:21:11');
INSERT INTO `patishopper`.`product_has_category` (`product_id`, `category_id`, `created_at`, `updated_at`) VALUES (5, 8, '2018-07-03 20:21:07', '2018-07-03 20:21:11');
INSERT INTO `patishopper`.`product_has_category` (`product_id`, `category_id`, `created_at`, `updated_at`) VALUES (6, 7, '2018-07-03 20:20:57', '2018-07-03 20:20:57');
INSERT INTO `patishopper`.`product_has_category` (`product_id`, `category_id`, `created_at`, `updated_at`) VALUES (6, 8, '2018-07-03 20:20:57', '2018-07-03 20:20:57');
INSERT INTO `patishopper`.`product_has_category` (`product_id`, `category_id`, `created_at`, `updated_at`) VALUES (7, 7, '2018-07-03 20:20:41', '2018-07-03 20:20:46');
INSERT INTO `patishopper`.`product_has_category` (`product_id`, `category_id`, `created_at`, `updated_at`) VALUES (7, 8, '2018-07-03 20:20:41', '2018-07-03 20:20:46');
INSERT INTO `patishopper`.`product_has_category` (`product_id`, `category_id`, `created_at`, `updated_at`) VALUES (7, 15, '2018-07-03 20:20:46', '2018-07-03 20:20:46');
INSERT INTO `patishopper`.`product_has_category` (`product_id`, `category_id`, `created_at`, `updated_at`) VALUES (8, 5, '2018-07-03 19:23:25', '2018-07-03 20:20:03');
INSERT INTO `patishopper`.`product_has_category` (`product_id`, `category_id`, `created_at`, `updated_at`) VALUES (8, 8, '2018-07-03 19:23:25', '2018-07-03 20:20:03');
INSERT INTO `patishopper`.`product_has_category` (`product_id`, `category_id`, `created_at`, `updated_at`) VALUES (8, 9, '2018-07-03 19:23:25', '2018-07-03 20:20:03');
INSERT INTO `patishopper`.`product_has_category` (`product_id`, `category_id`, `created_at`, `updated_at`) VALUES (8, 15, '2018-07-03 19:23:25', '2018-07-03 20:20:03');
INSERT INTO `patishopper`.`product_has_category` (`product_id`, `category_id`, `created_at`, `updated_at`) VALUES (8, 20, '2018-07-03 19:23:25', '2018-07-03 20:20:03');
INSERT INTO `patishopper`.`product_has_category` (`product_id`, `category_id`, `created_at`, `updated_at`) VALUES (8, 21, '2018-07-03 19:23:25', '2018-07-03 20:20:03');
INSERT INTO `patishopper`.`product_has_category` (`product_id`, `category_id`, `created_at`, `updated_at`) VALUES (8, 22, '2018-07-03 19:23:25', '2018-07-03 20:20:03');
INSERT INTO `patishopper`.`product_has_category` (`product_id`, `category_id`, `created_at`, `updated_at`) VALUES (8, 23, '2018-07-03 19:23:25', '2018-07-03 20:20:03');
INSERT INTO `patishopper`.`product_has_category` (`product_id`, `category_id`, `created_at`, `updated_at`) VALUES (9, 4, '2018-07-02 22:42:53', '2018-07-03 20:20:28');
INSERT INTO `patishopper`.`product_has_category` (`product_id`, `category_id`, `created_at`, `updated_at`) VALUES (9, 7, '2018-07-02 22:42:53', '2018-07-03 20:20:28');
INSERT INTO `patishopper`.`product_has_category` (`product_id`, `category_id`, `created_at`, `updated_at`) VALUES (9, 8, '2018-07-02 22:42:53', '2018-07-03 20:20:28');
INSERT INTO `patishopper`.`product_has_category` (`product_id`, `category_id`, `created_at`, `updated_at`) VALUES (9, 9, '2018-07-02 22:42:53', '2018-07-03 20:20:28');
INSERT INTO `patishopper`.`product_has_category` (`product_id`, `category_id`, `created_at`, `updated_at`) VALUES (9, 15, '2018-07-02 22:42:53', '2018-07-03 20:20:28');
INSERT INTO `patishopper`.`product_has_category` (`product_id`, `category_id`, `created_at`, `updated_at`) VALUES (9, 21, '2018-07-02 22:42:53', '2018-07-03 20:20:28');
INSERT INTO `patishopper`.`product_has_category` (`product_id`, `category_id`, `created_at`, `updated_at`) VALUES (16, 4, '2018-07-02 22:25:13', '2018-07-03 19:23:05');
INSERT INTO `patishopper`.`product_has_category` (`product_id`, `category_id`, `created_at`, `updated_at`) VALUES (16, 8, '2018-07-02 22:25:13', '2018-07-03 19:23:05');
INSERT INTO `patishopper`.`product_has_category` (`product_id`, `category_id`, `created_at`, `updated_at`) VALUES (16, 9, '2018-07-02 22:25:13', '2018-07-03 19:23:05');

COMMIT;


-- -----------------------------------------------------
-- Data for table `patishopper`.`menu`
-- -----------------------------------------------------
START TRANSACTION;
USE `patishopper`;
INSERT INTO `patishopper`.`menu` (`id`, `title`, `status`) VALUES (14, 'Menu été', 1);

COMMIT;


-- -----------------------------------------------------
-- Data for table `patishopper`.`section`
-- -----------------------------------------------------
START TRANSACTION;
USE `patishopper`;
INSERT INTO `patishopper`.`section` (`id`, `rank`, `name`, `href`, `menu_id`) VALUES (60, 0, 'Articles', 'article', 14);
INSERT INTO `patishopper`.`section` (`id`, `rank`, `name`, `href`, `menu_id`) VALUES (61, 1, 'Produit', 'produit', 14);
INSERT INTO `patishopper`.`section` (`id`, `rank`, `name`, `href`, `menu_id`) VALUES (62, 2, 'Recettes', 'recette', 14);
INSERT INTO `patishopper`.`section` (`id`, `rank`, `name`, `href`, `menu_id`) VALUES (63, 3, 'Evenements', 'evenements', 14);
INSERT INTO `patishopper`.`section` (`id`, `rank`, `name`, `href`, `menu_id`) VALUES (64, 4, 'Contact', 'contact', 14);

COMMIT;


-- -----------------------------------------------------
-- Data for table `patishopper`.`visitor`
-- -----------------------------------------------------
START TRANSACTION;
USE `patishopper`;
INSERT INTO `patishopper`.`visitor` (`id`, `ip`, `time`) VALUES (6, '172.18.0.1', '2018-07-22');

COMMIT;

